"id","path","archive_path","split","label","decision","width","height","bytes","sha256","dhash","brightness","sharpness","issues","decode_error"
"image-1","test/angular_leaf_spot/angular_leaf_spot_test.0.jpg","","test","angular_leaf_spot","unreviewed","500","500","171834","e7ac409cda99b323fa9d70f07902f2d88ceee90f3e2a920de0cccb931598cae1","0f4f9f8bcf97372e","109.34755853271484","1682.385185909497","",""
"image-2","test/angular_leaf_spot/angular_leaf_spot_test.1.jpg","","test","angular_leaf_spot","unreviewed","500","500","115233","9e95062c50af38a8256598f26d079b1b01d5850e4265267c3157db2f14d4026d","3b4b0f8f878787c7","110.21433239746094","516.5430284937589","",""
"image-3","test/angular_leaf_spot/angular_leaf_spot_test.10.jpg","","test","angular_leaf_spot","unreviewed","500","500","155426","63838fe62972b386c2f1043f4826a6acafb0dee661d1aceaaf8a13005aac8ef0","a48e0b0707031101","139.599607421875","2659.6206307722027","",""
"image-4","test/angular_leaf_spot/angular_leaf_spot_test.11.jpg","","test","angular_leaf_spot","unreviewed","500","500","142059","e63270773b8e68f3ca39cdc84775bea6cbcc0b80bbedeb02a14ed13b5a1a7c3d","06478b1f1f332747","144.22093920898436","812.5127817871629","",""
"image-5","test/angular_leaf_spot/angular_leaf_spot_test.12.jpg","","test","angular_leaf_spot","unreviewed","500","500","145695","bb85322977b1d5b1eb987bb526dc12140e451d1474e4576abbd07c664cfe2b0b","343d1d1e1d1b2f63","91.53625286865233","828.7461578308012","",""
"image-6","test/angular_leaf_spot/angular_leaf_spot_test.13.jpg","","test","angular_leaf_spot","unreviewed","500","500","116187","a8b2f2db72098b09064c76d9cb4b9fedb75ae35eefdc967c8ad05a7145e7bad8","ce4b13130f87b484","140.99417572021483","380.36774297701845","",""
"image-7","test/angular_leaf_spot/angular_leaf_spot_test.14.jpg","","test","angular_leaf_spot","unreviewed","500","500","135943","5ece12a3927dce9e9cbf9821cbd8f62fb002e720d079230a47d388c9d27b1d60","6316d296861c9d99","122.92511437988281","646.724699814338","",""
"image-8","test/angular_leaf_spot/angular_leaf_spot_test.15.jpg","","test","angular_leaf_spot","unreviewed","500","500","110890","11a927e61af13cc57e8fdb4c3361b8dc129d43b56b0765b6548d8fe44c8f28ac","ee4c643cd3d9189c","101.10260290527343","584.9464965918713","",""
"image-9","test/angular_leaf_spot/angular_leaf_spot_test.16.jpg","","test","angular_leaf_spot","unreviewed","500","500","103481","8f69b876bd4de7db37e0b43dd1c735b7f187229d369c7a2cb7127b49f3f58f8f","9cc70f0d4c0c0332","164.6642991943359","644.3785552385643","",""
"image-10","test/angular_leaf_spot/angular_leaf_spot_test.17.jpg","","test","angular_leaf_spot","unreviewed","500","500","148419","94921475ad499987bea5eda5893164cf5820c90970d57d7562c4d35f07902dd4","0f0f1f270e273bfb","147.78416296386717","1137.3079864251088","",""
"image-11","test/angular_leaf_spot/angular_leaf_spot_test.18.jpg","","test","angular_leaf_spot","unreviewed","500","500","182223","59fef039d05938674faf5ab58af71282d368ff10a43af2612ff1565e374d2266","b57e3637070f1f3f","136.43473657226562","2205.3693012176414","",""
"image-12","test/angular_leaf_spot/angular_leaf_spot_test.19.jpg","","test","angular_leaf_spot","unreviewed","500","500","123054","0418cbb29d15755ab58e5c48fea8b7cd1c06676cd53d0b7391dac281fed37fc3","a6c38733371e9e0e","108.11866711425782","320.5604776454023","",""
"image-13","test/angular_leaf_spot/angular_leaf_spot_test.2.jpg","","test","angular_leaf_spot","unreviewed","500","500","152508","3ca1bfe8e29bacea0cea633b746f8a2d6f8557e6c458825e90de035a45bc8eaa","b234f4ec96b67971","125.98936389160156","1260.8723845541253","",""
"image-14","test/angular_leaf_spot/angular_leaf_spot_test.20.jpg","","test","angular_leaf_spot","unreviewed","500","500","121118","1fb524fc042bebcb5b6863f17dbdacc278c84c61e8d9cdfc3c184801555050d9","9f0f27266fe74607","96.32444165039063","444.8713482479339","",""
"image-15","test/angular_leaf_spot/angular_leaf_spot_test.21.jpg","","test","angular_leaf_spot","unreviewed","500","500","126253","a0848ffb84daa4fe9a1197b8c683439fc8958074e8b7421c772103e7092f6e1c","571f0f2f0e1f3e2b","142.8568159790039","626.2220708316702","",""
"image-16","test/angular_leaf_spot/angular_leaf_spot_test.22.jpg","","test","angular_leaf_spot","unreviewed","500","500","145826","6b29a3d0be42eab4db8432e2696b3d740f55a1ed449717d8fb30327b7de8058a","666617373f1f1fcd","101.90737835693359","798.7197666020496","",""
"image-17","test/angular_leaf_spot/angular_leaf_spot_test.23.jpg","","test","angular_leaf_spot","unreviewed","500","500","168376","5e9fba2836627a5dc5144b7e06ed45d49e657e83a31011aadff6d355d5600d9c","2f1d9e2c0f0e0c82","125.81122735595702","2127.5218136977824","",""
"image-18","test/angular_leaf_spot/angular_leaf_spot_test.24.jpg","","test","angular_leaf_spot","unreviewed","500","500","132181","626172d29e7ecd60aeefe15878a41bb87251970cbb1bcd3e5bb0cc9ec6fc9848","0c999f1d2e6e1c94","131.27882849121093","727.6534849148821","",""
"image-19","test/angular_leaf_spot/angular_leaf_spot_test.25.jpg","","test","angular_leaf_spot","unreviewed","500","500","129660","8da7869b9d1b24f7094d4469dfe09e8d0813446cda5118404124d3cb5da2840a","83c6070f078692ba","136.0619200439453","930.1995781149622","",""
"image-20","test/angular_leaf_spot/angular_leaf_spot_test.26.jpg","","test","angular_leaf_spot","unreviewed","500","500","132400","f3187c9b47f6fb0df93a31ed1c9aad634857ca886009477688fa695f7df9ae53","4b830f07398c0c1f","154.09038775634764","1039.151916155797","",""
"image-21","test/angular_leaf_spot/angular_leaf_spot_test.27.jpg","","test","angular_leaf_spot","unreviewed","500","500","126820","b55704b9ce13efc50c7b111e8d943d1e222ca1a878cbb06d99b6e5c7659d6f46","6b0f1f1f0f1adec6","116.27655249023437","796.7675286902797","",""
"image-22","test/angular_leaf_spot/angular_leaf_spot_test.28.jpg","","test","angular_leaf_spot","unreviewed","500","500","148512","b24973fa74cf164ecfe206465030ad572a04f65819c15e29231af6248b7c38b6","a76d4d5fd3373fbf","138.88276495361328","1079.8889696226936","",""
"image-23","test/angular_leaf_spot/angular_leaf_spot_test.29.jpg","","test","angular_leaf_spot","unreviewed","500","500","128354","c9ec2b7362a27a055259b564c6e01fa3b39f77c95818509d8168715736b79b0f","4707070f1e170f19","135.17792486572264","778.5870265234173","",""
"image-24","test/angular_leaf_spot/angular_leaf_spot_test.3.jpg","","test","angular_leaf_spot","unreviewed","500","500","163694","84d6bc132e11f1422b5aaba7ffdc407e6143a7c5bb5b1bb64bf6c91a675e2d0c","9c9c0f0313b3b32e","107.25305853271485","1550.914352881979","",""
"image-25","test/angular_leaf_spot/angular_leaf_spot_test.30.jpg","","test","angular_leaf_spot","unreviewed","500","500","143915","0cc53c9466451364cd190934222da30143d3d743cdd4c3df8e5c3b3373020b3e","0f0f0f0c0d0f0f06","134.27861248779297","1006.2475707223131","",""
"image-26","test/angular_leaf_spot/angular_leaf_spot_test.31.jpg","","test","angular_leaf_spot","unreviewed","500","500","142595","27da55a0cb737088033746e01b9d4102f6b360dfde2cc03763927286c0ddc3c2","8e1e8f06070f1f9f","129.2032612915039","1028.9163413417432","",""
"image-27","test/angular_leaf_spot/angular_leaf_spot_test.32.jpg","","test","angular_leaf_spot","unreviewed","500","500","154457","ad4f6bbf633038e11e0d42c236d179dbfd3743157ec8498481d646e81a425bc1","878383e7b69eeece","120.09410522460936","1297.8055267033883","",""
"image-28","test/angular_leaf_spot/angular_leaf_spot_test.33.jpg","","test","angular_leaf_spot","unreviewed","500","500","145958","9d032eb7195098bbe2e3de33a23aafdb6f57280bcb42e49841edeaf9c623be4d","a347db1b19170d4c","98.11995025634765","986.7026804662111","",""
"image-29","test/angular_leaf_spot/angular_leaf_spot_test.34.jpg","","test","angular_leaf_spot","unreviewed","500","500","168405","38f379783e9a9a0b25bf41bb957d2c6316a5545692057ea7e1df5053740685ea","23150c0e0e0f1f0f","154.25514666748046","1388.0252140931327","",""
"image-30","test/angular_leaf_spot/angular_leaf_spot_test.35.jpg","","test","angular_leaf_spot","unreviewed","500","500","102157","f5b486fea8a6ab990a03dcefce2d5aa631fafea190f058385c9db6bf6e39310c","6f070f0f0f1f9e0d","98.0925161743164","281.77346299991245","",""
"image-31","test/angular_leaf_spot/angular_leaf_spot_test.36.jpg","","test","angular_leaf_spot","unreviewed","500","500","131357","3a25b1a466e4b096d1bb812e719d6e5d211e061d0d4ced1f935788e96de5eeee","0613071e3d33642d","120.6759155883789","659.3100500684423","",""
"image-32","test/angular_leaf_spot/angular_leaf_spot_test.37.jpg","","test","angular_leaf_spot","unreviewed","500","500","156458","9b2eb181365f1563fb7c9ee320ec602cf87db6d487be38b262b1e3a54189955e","e56d0f1f3f372e8f","137.3558400878906","1631.433031710728","",""
"image-33","test/angular_leaf_spot/angular_leaf_spot_test.38.jpg","","test","angular_leaf_spot","unreviewed","500","500","147750","75187e7a81f76fadfd79156ee4bfd28c22fbf681f592b91d81ac07bf91ed32d7","bf8f9f1717179b19","91.71982849121093","1291.9653616192875","",""
"image-34","test/angular_leaf_spot/angular_leaf_spot_test.39.jpg","","test","angular_leaf_spot","unreviewed","500","500","143534","325ecfed07d50d496bff535e9e91d439d87e4501a02c94b5fa4d7efdd464469d","5e4e97779f1e0707","123.74639251708983","1898.2835349298953","",""
"image-35","test/angular_leaf_spot/angular_leaf_spot_test.4.jpg","","test","angular_leaf_spot","unreviewed","500","500","121452","8aac55976e458ef9f56303f6bed77b1c53d39b1fb5556feb7c9c64b7af1ec46d","a96507071f4fc789","109.21316351318359","603.3237391272983","",""
"image-36","test/angular_leaf_spot/angular_leaf_spot_test.40.jpg","","test","angular_leaf_spot","unreviewed","500","500","136458","71c5174820573339497fbc2fbc91f6ff3482642c1cd57dff359737c55dd4ea89","7233858707171fb9","141.99988946533202","441.0329320516762","",""
"image-37","test/angular_leaf_spot/angular_leaf_spot_test.41.jpg","","test","angular_leaf_spot","unreviewed","500","500","121371","4af436dd807fe3ac827909d92ab5b9885c084a88cfdbf037a5a9a8e10f7b7a3e","8fc703070f8c565c","127.27319366455077","390.7790467359926","",""
"image-38","test/angular_leaf_spot/angular_leaf_spot_test.42.jpg","","test","angular_leaf_spot","unreviewed","500","500","109739","b9dec85a9b1a7672919d4e0d81742717ae84f3237c9380c2a092a6a24097b457","77ff7f7f6f3f370f","129.48933013916013","314.4501833743151","",""
"image-39","test/angular_leaf_spot/angular_leaf_spot_test.5.jpg","","test","angular_leaf_spot","unreviewed","500","500","119978","78935bb91b82040a3b2b504a64e1d480d336496a6f2f258abbfe281897a825b0","1f0f0f8f1f160d63","107.22535821533202","664.9984235972686","",""
"image-40","test/angular_leaf_spot/angular_leaf_spot_test.6.jpg","","test","angular_leaf_spot","unreviewed","500","500","161546","a1d2d621ba84b2934fdd25bbf730511601cbd00d7e3dd8f588610a9c3cb74c1c","1f1b93191303035d","130.6753243408203","990.8396296933558","",""
"image-41","test/angular_leaf_spot/angular_leaf_spot_test.7.jpg","","test","angular_leaf_spot","unreviewed","500","500","172684","4a7ccb90534dc6fec842e1eaff6b25a8b7728e03c37175324e63c0c7f25c3234","6606464e45476767","131.6714716796875","1835.3912751129099","",""
"image-42","test/angular_leaf_spot/angular_leaf_spot_test.8.jpg","","test","angular_leaf_spot","unreviewed","500","500","128975","94df22b6529137030a8bdbb8df134714ee398142eaaf3b5269dd10e3f088197a","17373f1f1f1fbe36","130.3214165649414","765.7460648221072","",""
"image-43","test/angular_leaf_spot/angular_leaf_spot_test.9.jpg","","test","angular_leaf_spot","unreviewed","500","500","150900","b455f644308230c6a363acd2df37ecff0a06fc838476ae6750d311c9bdda8299","8c2e0e0e0e7b33ed","127.95780200195313","1345.5232269456044","",""
"image-44","test/bean_rust/bean_rust_test.0.jpg","","test","bean_rust","unreviewed","500","500","130871","794e13ecedb37190014ef48a69c601d66dc7b5bea7198d70c9122a78aaa1ed08","5c5e97363cce8f06","112.13337420654295","919.7705449641229","",""
"image-45","test/bean_rust/bean_rust_test.1.jpg","","test","bean_rust","unreviewed","500","500","129601","85c1007058ae07ce2815604b8bee6dab899254c8b3ce4ac47b3ec66bf95437f7","cce30333313c2c76","95.50942272949217","959.5621356719416","",""
"image-46","test/bean_rust/bean_rust_test.10.jpg","","test","bean_rust","unreviewed","500","500","145699","4b7aa41e279b2f95159c90fb26bc486a115b9ce82e0066418873ad420519220d","970f0f0f0d0b87c9","143.62830065917967","1617.0558398769815","",""
"image-47","test/bean_rust/bean_rust_test.11.jpg","","test","bean_rust","unreviewed","500","500","136576","7f255e6e1137b96d8bff67b131314bfdbee3e46175fe8d1feafbc6a558f98c28","0a1423262c1eb7f3","114.6051475830078","1149.3141188349407","",""
"image-48","test/bean_rust/bean_rust_test.12.jpg","","test","bean_rust","unreviewed","500","500","119433","5442efc4716f046a7385649f1f3cc9de501b90d381b1b88c82e2b4b7d8f29839","66c70717179309c8","127.7445239868164","577.4452288252454","",""
"image-49","test/bean_rust/bean_rust_test.13.jpg","","test","bean_rust","unreviewed","500","500","107435","1a88004e4b3523795c5dbc6dbd05497098eca6dc6ff1e294ce100b42e01aa1ba","19020101064f89d0","110.39319287109375","369.6354939706667","",""
"image-50","test/bean_rust/bean_rust_test.14.jpg","","test","bean_rust","unreviewed","500","500","118057","7227e7ea06d89a6bd6b47d54120864481a8dbf1c8de6430474bffd72f08da003","232b0c123312326c","119.80282019042968","446.9833845083598","",""
"image-51","test/bean_rust/bean_rust_test.15.jpg","","test","bean_rust","unreviewed","500","500","135762","8dfba92f6290687389fc1448623261dd7e0a2fd637c597004638eb4811766e8a","29233a8e8f8f4c8c","123.09463330078125","1457.9968354015234","",""
"image-52","test/bean_rust/bean_rust_test.16.jpg","","test","bean_rust","unreviewed","500","500","121718","24c20d3d91a0795bb6e7d6c16be82c1b53f98538a439d4418d555fcfb72e964e","234c0687898d1c36","130.27923767089842","865.7115253138453","",""
"image-53","test/bean_rust/bean_rust_test.17.jpg","","test","bean_rust","unreviewed","500","500","125940","f759799d5bd2ec5cbf66fc643faf2eebc963de345c356201c2f738799305c8d5","870f0f4f79732336","125.30913745117186","621.378983730885","",""
"image-54","test/bean_rust/bean_rust_test.18.jpg","","test","bean_rust","unreviewed","500","500","117283","2ad3c5ebcae63708ced32190e19827b31a4cebd600956ee542eb01cf959dd8ec","3816801118d99884","128.4919655151367","630.0921707050877","",""
"image-55","test/bean_rust/bean_rust_test.19.jpg","","test","bean_rust","unreviewed","500","500","165122","6b44ba3101e15c22afb558ef1d581a7bf9d56a9f5f055912f8e152bec061e03f","8e2e0e191c4d7b39","131.5640656738281","1602.0241171694554","",""
"image-56","test/bean_rust/bean_rust_test.2.jpg","","test","bean_rust","unreviewed","500","500","100704","7a23bf1a453feae47c819f6d404ef7dc84bc071bd48a69a65a39adcadfd66e27","6306c6840373df19","103.69311938476562","321.2011009454225","",""
"image-57","test/bean_rust/bean_rust_test.20.jpg","","test","bean_rust","unreviewed","500","500","123536","e36268328317e66b66ea82d98c1bee9dc89d2e44bbe6bd951360ab464eb96004","5687c7c7070f0c41","108.64116430664062","942.7787536823755","",""
"image-58","test/bean_rust/bean_rust_test.21.jpg","","test","bean_rust","unreviewed","500","500","126833","0f63f98e70fa23677750aec4575a630d1dcdd6db8616be44aedfb5087d3caff3","cc1c0c47e7b476c3","106.09350476074218","547.7134370592045","",""
"image-59","test/bean_rust/bean_rust_test.22.jpg","","test","bean_rust","unreviewed","500","500","116953","80ae798ac4e854d21a566ca9624419c3a8c3b61fa52bdd9d7a00cb26b4f21d6b","c793991747c7840e","77.16592718505859","482.6986764785839","",""
"image-60","test/bean_rust/bean_rust_test.23.jpg","","test","bean_rust","unreviewed","500","500","125387","c0df3f127dd1226e248e16cac67cc0612b59ad2184164743c574dcbc4a968cd7","8587261d193dfc79","143.87883465576172","535.206298705742","",""
"image-61","test/bean_rust/bean_rust_test.24.jpg","","test","bean_rust","unreviewed","500","500","120211","9d0d16a436d7a6106a4214417117da979c778b723c3bfe7f6338c1ba6940415e","664cce130b03c0c0","124.69295751953125","801.9988707519442","",""
"image-62","test/bean_rust/bean_rust_test.25.jpg","","test","bean_rust","unreviewed","500","500","113936","ba062575c968358712e06e1314cd7914ed455865c7a3b705c3d22ac87f56d68f","0707070713130776","103.5350756225586","591.356389052067","",""
"image-63","test/bean_rust/bean_rust_test.26.jpg","","test","bean_rust","unreviewed","500","500","121943","7a8ad8918ad6b4b646b7f3a99bcc2d26d537d0d4a514568fe791a40053b85692","f6572707839fc90c","132.8463232421875","821.991240322192","",""
"image-64","test/bean_rust/bean_rust_test.27.jpg","","test","bean_rust","unreviewed","500","500","93322","aeaf5084dab45b45b9c26f4f74080d7c3c9e79a634387cf91f2f10f235b22821","2687874666e2ced8","63.9620308227539","589.5460727522637","",""
"image-65","test/bean_rust/bean_rust_test.28.jpg","","test","bean_rust","unreviewed","500","500","139110","8a5a9112e8ba421cea88a9cb5d28d8519e556465d4de4fd51c954de97757c5da","270f0f1f3737373b","112.2966411743164","1459.8306551597768","",""
"image-66","test/bean_rust/bean_rust_test.29.jpg","","test","bean_rust","unreviewed","500","500","149335","cd7c1d3e279a910590e71a427cc1236ac1919f6039c6d56c8b223eef0e3070b8","071313b43c747673","115.62694207763671","929.6190884423816","",""
"image-67","test/bean_rust/bean_rust_test.3.jpg","","test","bean_rust","unreviewed","500","500","104194","094772033966a7e8a44ea716c1069b3d197e7da634bfd874f22a9d5aa054e00a","311919091571e5a7","133.43112933349607","538.9617337357646","",""
"image-68","test/bean_rust/bean_rust_test.30.jpg","","test","bean_rust","unreviewed","500","500","184646","82d0f11e4547241ddc688b92536e0684ac869176d9c83d68bbeebf7d9c5f505b","12c25b8f8fa3e7c7","141.05036071777343","3581.36889490663","",""
"image-69","test/bean_rust/bean_rust_test.31.jpg","","test","bean_rust","unreviewed","500","500","123991","5f98eabbb4293cc7b3e4c8026a7a52461e07a39881850c510f61f55f40fd6ac8","61c1010d2b21094b","94.86388342285156","545.6686122860006","",""
"image-70","test/bean_rust/bean_rust_test.32.jpg","","test","bean_rust","unreviewed","500","500","135745","c3f5930e34493a7ed8fd402c6298fba513e1ecc1f6eb47e546d9c273efc9c3ab","2313193d311b0326","114.25297882080078","811.5589657073732","",""
"image-71","test/bean_rust/bean_rust_test.33.jpg","","test","bean_rust","unreviewed","500","500","155793","76a44b5316cfe898009671f3edf0a8fa050401b908d5a94a566302d7cc12d23c","308e8f0e90136fce","120.20057348632812","2190.850963511911","",""
"image-72","test/bean_rust/bean_rust_test.34.jpg","","test","bean_rust","unreviewed","500","500","120723","c378093d6b1eca25c9a8f137042f570669fd69c5bc55f84275623b5397b45933","103c1fc6f7d11131","124.46348370361329","468.9707678214159","",""
"image-73","test/bean_rust/bean_rust_test.35.jpg","","test","bean_rust","unreviewed","500","500","145896","9b2c60002e9e65ea6fee413e2736042f643755eeee957e74ebccf287a79c0e14","5d5f1f1f1737030b","134.0618890991211","1570.983393547395","",""
"image-74","test/bean_rust/bean_rust_test.36.jpg","","test","bean_rust","unreviewed","500","500","148209","ea022dc321f9dbfb028fe83315fe1b661236d65abf6884aed19c46c5bdffdbbf","3c1e9d3e4d0e2e27","128.30842718505858","1627.2412137935682","",""
"image-75","test/bean_rust/bean_rust_test.37.jpg","","test","bean_rust","unreviewed","500","500","114988","82c3cf8375db7dd7ba67dc49d644fd8057ea95de8c8621da340e7d4ef8e5fbd5","030707070707470f","121.03804980468749","398.6660594412264","",""
"image-76","test/bean_rust/bean_rust_test.38.jpg","","test","bean_rust","unreviewed","500","500","122906","72e90f3ed9b4c0f86240091fd423e182b597cc691392d8ccdcac1cc12b36101b","6b3c37062666c6c7","91.71604278564453","935.6410039330168","",""
"image-77","test/bean_rust/bean_rust_test.39.jpg","","test","bean_rust","unreviewed","500","500","186654","d8e2221c9f14556f48cc6a0c74da7f3194752b88698a4f3c94ca5a428db56ada","0c2f034b199d9d9f","107.68158319091796","1594.2942186456125","",""
"image-78","test/bean_rust/bean_rust_test.4.jpg","","test","bean_rust","unreviewed","500","500","110304","f12134d51942f7e56a877ee005552fa0e3dfc6ed30a1b18260327ca8a0cb0da0","b337370f4f4f4f4f","85.22534503173827","425.1678430592147","",""
"image-79","test/bean_rust/bean_rust_test.40.jpg","","test","bean_rust","unreviewed","500","500","109413","cd427bda664c213bab11f9be7889edf7c00f193a44020288a875c75c964337ac","73321d1d0dcd63c9","86.49737145996093","636.4091050453769","",""
"image-80","test/bean_rust/bean_rust_test.41.jpg","","test","bean_rust","unreviewed","500","500","142537","a9f7280449bf29c2ab4ab9fa999f51f63d1d50aef26064d0ff7555e8b3109d29","36261e3e323131e1","129.0549878540039","1212.3621147210883","",""
"image-81","test/bean_rust/bean_rust_test.42.jpg","","test","bean_rust","unreviewed","500","500","136531","ebaf95b5e012e786a134d264eb23799e1e84bf13cd02e8822a4e1e80e4c6903e","3313933b3e1ac6a6","155.55210241699217","796.6770778220937","",""
"image-82","test/bean_rust/bean_rust_test.5.jpg","","test","bean_rust","unreviewed","500","500","121805","c3b2b97b6ab9af8a0fc4569bac68e11052a2ec1d2f697340a71b46a6482292b3","47c70707364fef70","117.6946372680664","1253.3414899178254","",""
"image-83","test/bean_rust/bean_rust_test.6.jpg","","test","bean_rust","unreviewed","500","500","163730","2be8f338e97cdbb9e30716a6c31622b6b4ed0a277725f468905f2e8aec52c42e","cbc607272723b393","150.44861682128905","2381.6528909361887","",""
"image-84","test/bean_rust/bean_rust_test.7.jpg","","test","bean_rust","unreviewed","500","500","149958","ba408d5cef7f27cb76dd3bd35d9568125f22312b41b39d0b8009fbdaab3fe9e5","93231b1929dbc3c3","137.25629608154296","1463.6284531244191","",""
"image-85","test/bean_rust/bean_rust_test.8.jpg","","test","bean_rust","unreviewed","500","500","106840","f11fc5e1240c055d0e5c544ce13b5c78fd349a8f566f2b5621a172d88430e615","054326078f43637d","94.63073272705077","310.09386895604996","",""
"image-86","test/bean_rust/bean_rust_test.9.jpg","","test","bean_rust","unreviewed","500","500","126065","d29c57386060cbf3281dadb50ec4399f34cb48abb35558d123e50ed733e892e1","0707074747181a1b","81.88050158691406","573.1670611163986","",""
"image-87","test/healthy/healthy_test.0.jpg","","test","healthy","unreviewed","500","500","163974","520786de35cd8246bf35a05feca05bc520d3b138e4380a5b575d044585eefc77","db1b130333113088","142.6842178955078","1637.517761964128","",""
"image-88","test/healthy/healthy_test.1.jpg","","test","healthy","unreviewed","500","500","153847","8650ef0b6849210c87a629402ba7148fbb771b81c67e0362abb13ac21465a0c1","c80d0b130607c795","144.85666296386717","1058.6438857672133","",""
"image-89","test/healthy/healthy_test.10.jpg","","test","healthy","unreviewed","500","500","133316","664bed22ccefcce156314580bca066a56574aefd408d4da822a4e7d00184101f","c783000408000219","140.78389080810547","388.3464515986334","",""
"image-90","test/healthy/healthy_test.11.jpg","","test","healthy","unreviewed","500","500","131369","9df806e0fcdb0c1bd7476d016c3965e5957c8588b3b889c016b992a4797e81c3","e757c715975f4f7d","110.425546875","741.0915124327297","",""
"image-91","test/healthy/healthy_test.12.jpg","","test","healthy","unreviewed","500","500","133270","ddb4a2bb86b27e82917333e191e5de0deabd0af4c280be1369eda1442b620675","3214268f85078743","132.77261029052733","1016.4545671974937","",""
"image-92","test/healthy/healthy_test.13.jpg","","test","healthy","unreviewed","500","500","167047","3c4f58ef474900e7aa7a0d5e6acdfbdc1229edf0dd555728ce6926dc56cdfb50","e3e212ce9c366f4f","142.79416864013672","2258.74105542106","",""
"image-93","test/healthy/healthy_test.14.jpg","","test","healthy","unreviewed","500","500","139638","f044357c33a9e4b56636a44f8135a28396e610b00c4cbfb5b0066a0eaa1c43c5","c79ce5ef1c34f1fb","126.17406658935546","1139.687558824787","",""
"image-94","test/healthy/healthy_test.15.jpg","","test","healthy","unreviewed","500","500","148001","1aa92879a1265b585088fce50d109921af0a5d36993f72bcdfd0ddd460e9cadd","1b1f17070f090117","108.64381060791015","495.2193212212113","",""
"image-95","test/healthy/healthy_test.16.jpg","","test","healthy","unreviewed","500","500","143470","6fd5bd4865b33cc9fcb23e0e22891088f293da8790600a2d56fc3153812b340a","276743030a12c7cf","168.8910139160156","422.3969729183393","",""
"image-96","test/healthy/healthy_test.17.jpg","","test","healthy","unreviewed","500","500","136230","a583325bbd1364126c21197c5035533ed5beb477811ea28c00eed3419d403ffa","a68667e3c38b8b99","106.52508795166015","790.9418258417966","",""
"image-97","test/healthy/healthy_test.18.jpg","","test","healthy","unreviewed","500","500","122164","45bf2a78bd53e9d7d062c11ddf79b5766da1d682e3284856517977e134494a3f","9b8b9b9d01043015","127.06846759033203","638.2777331361431","",""
"image-98","test/healthy/healthy_test.19.jpg","","test","healthy","unreviewed","500","500","129447","f02c730b3a6c281eed629a365eb9ca67e2c62ec18bba0136433639f4f20c7955","9d8c06131151d193","143.64957830810545","483.35570994937393","",""
"image-99","test/healthy/healthy_test.2.jpg","","test","healthy","unreviewed","500","500","160714","e2c63864fc2f02bd7c206c1d497c95a97c8070343c1fd996d624965d00c05d51","9f8e2717b3d3378e","113.20445623779297","915.9048315347724","",""
"image-100","test/healthy/healthy_test.20.jpg","","test","healthy","unreviewed","500","500","146560","bd4a6cecc1e17bb73b1fb378b5e9c2a2e742889768d10b0077c59cb0042689e8","0e07038100009133","145.0859857177734","498.36084343651027","",""
"image-101","test/healthy/healthy_test.21.jpg","","test","healthy","unreviewed","500","500","147056","a51f298ffd1c03f84e962779a65cf1fbee9ea548bdd2c3cb2dadcfa5863d900b","13111d3d3c3c7c4c","144.8207427368164","752.1657833777376","",""
"image-102","test/healthy/healthy_test.22.jpg","","test","healthy","unreviewed","500","500","151911","88050eb4f87fc6636424365e4137e2b60b4e15cc0f03a22a881e0becea0196c5","4f4f8f2707878f4f","131.6521283569336","1246.0998540315222","",""
"image-103","test/healthy/healthy_test.23.jpg","","test","healthy","unreviewed","500","500","147854","e836c5f12e8977d8b3bdbbc54ffda6be7e3159845ed1e7132d460f29ea933891","cecf1f3e7d78f868","118.36029949951171","791.6560398001072","",""
"image-104","test/healthy/healthy_test.24.jpg","","test","healthy","unreviewed","500","500","142311","2e81dbc8d6f631fff644ef7890b4c15c2aff30692a0e92ea530ccac6377b51b0","672f3f3f1f1f0f07","145.46252270507813","806.1640863747473","",""
"image-105","test/healthy/healthy_test.25.jpg","","test","healthy","unreviewed","500","500","143098","3bdbfb5bbb9f24b07c168113015129ea96269efa30c876127a08de15a987181a","63ca0f1d5923b63e","140.86277404785156","1265.7020915065605","",""
"image-106","test/healthy/healthy_test.26.jpg","","test","healthy","unreviewed","500","500","136522","f075787fe5b8aed9ca1aa3a0789ab89e4073d64049de4012af1bfeee87c06414","8d8c8e0e0609a10d","132.20235565185547","715.8253282733043","",""
"image-107","test/healthy/healthy_test.27.jpg","","test","healthy","unreviewed","500","500","141160","52e10e5260b0af49444767be208b0dd341dcb992ed53d373eda1fb9c1a4e111b","47709c9c1c6e6323","103.9297314453125","1225.7050240341832","",""
"image-108","test/healthy/healthy_test.28.jpg","","test","healthy","unreviewed","500","500","131679","ed9e14ebff2a0fafb10f143a0867bed44b59c8f5bd83038ff791639746abec5e","4f4be3a3794a0e08","149.921279296875","538.0102292902277","",""
"image-109","test/healthy/healthy_test.29.jpg","","test","healthy","unreviewed","500","500","145512","dba3e0e3b16d030a03e1b8dbe2b99d6d659e7b9dcb8c82b48d399f76c0c8025e","195c8c1e3f3f7bcf","136.28403045654298","1076.149520365528","",""
"image-110","test/healthy/healthy_test.3.jpg","","test","healthy","unreviewed","500","500","145450","2c94ac6b90db0b4ee2892ecdfd21cd787fe913bf587f5a5d8c474f169a15aeae","9e9e0703031101d1","145.63228704833983","683.30387285334","",""
"image-111","test/healthy/healthy_test.30.jpg","","test","healthy","unreviewed","500","500","121023","aaa8483cf14c983d6a994d3a88cf4c078e9332511a3900c0742d8059767935c0","1bd1c4870b13130b","157.92984698486327","696.0511002059593","",""
"image-112","test/healthy/healthy_test.31.jpg","","test","healthy","unreviewed","500","500","155991","209f14ec9d0b2431a7ea8bff6e1112e0ec29dcbc3ca767cbbd7bf585d4ab8f5f","030303132f2f0707","131.3175979003906","934.8820159558172","",""
"image-113","test/healthy/healthy_test.32.jpg","","test","healthy","unreviewed","500","500","167171","dd64b4904a5106eda69f24ef2e3553b5aaaa5bb8e42ffd73513351eea71d2012","06060f1331707075","145.81861169433594","1911.7833877637115","",""
"image-114","test/healthy/healthy_test.33.jpg","","test","healthy","unreviewed","500","500","153477","ba7a22779e979503e7f1ff673c0d629e5fd542c33675cffb06a619284ae125a7","97363776f6aead6f","147.17464349365233","579.031397618549","",""
"image-115","test/healthy/healthy_test.34.jpg","","test","healthy","unreviewed","500","500","150253","0451d4b4b3054c78257d6d9ee590ce771dda15b2299d6ea2a3f8cf20a92b8796","9d194f1307ab4b5b","125.9115659790039","990.7443830603391","",""
"image-116","test/healthy/healthy_test.35.jpg","","test","healthy","unreviewed","500","500","109133","1f8442181e0dd04f453ccdb0bc17d8aa26dd7eae554e9a44322f220f5f4049bb","d6f46c6e0f0f8f8f","127.62448669433594","641.4323796916623","",""
"image-117","test/healthy/healthy_test.36.jpg","","test","healthy","unreviewed","500","500","145407","e200bc2c3123dfc947293a0619977e1a120ece0d24141fb7232f86f790fe93d2","3f3963674f8fe3b8","139.89318292236328","591.4430925035603","",""
"image-118","test/healthy/healthy_test.37.jpg","","test","healthy","unreviewed","500","500","163043","e0dea229d279453350cc4dfb989bb37a79f72d4f3f60b5d72c7d3d10715f4083","5d0f0707060fa33f","122.10238165283202","1162.9413899480485","",""
"image-119","test/healthy/healthy_test.38.jpg","","test","healthy","unreviewed","500","500","162418","01dd7e760e87ee364170da26688edf73e64063f2580a27691a514dd683204fa7","2fc61f1f1f1f35cb","125.54823712158202","1343.6958952182201","",""
"image-120","test/healthy/healthy_test.39.jpg","","test","healthy","unreviewed","500","500","148642","2328bd46c1cc516d35231ec30699085d55e9626331c2cc6883b191639656368d","e1e1e0c0c2c6cbe3","110.47307330322266","602.4520631485765","",""
"image-121","test/healthy/healthy_test.4.jpg","","test","healthy","unreviewed","500","500","123027","ea4957e63f1fd4a9a2c4b033a3fa7344db5ae5bc22a9be25d89f91e734b75eaf","010f1d1ede6f07ac","109.31730865478514","706.4140471687925","",""
"image-122","test/healthy/healthy_test.40.jpg","","test","healthy","unreviewed","500","500","160366","2f59d32a28fb1134a2e66f6f79a15fd2a7e4ef7883c32b9288e91b2a04ecca48","c6890d060e0f8727","91.41118084716797","858.6182949358157","",""
"image-123","test/healthy/healthy_test.41.jpg","","test","healthy","unreviewed","500","500","155658","08641787016bca85cea238389e3ec1c96837cd64aacf4bb21f4f7c728905da5d","46303e7c7c7ce530","133.54439147949216","1195.6053649098199","",""
"image-124","test/healthy/healthy_test.5.jpg","","test","healthy","unreviewed","500","500","113318","e926e0e5877fe376a3bd32db4db5539122987714f3950cf71f12afa69147362f","df4503c343030404","126.6936279296875","349.49511234131467","",""
"image-125","test/healthy/healthy_test.6.jpg","","test","healthy","unreviewed","500","500","165681","f17d23fe66ab0292af378ff2a40ad255cc4a683097ea39d7a28131b6a82376d5","6361c0030f0e060e","101.04890795898436","2280.8015297016027","",""
"image-126","test/healthy/healthy_test.7.jpg","","test","healthy","unreviewed","500","500","157684","3d04e042fbbe998a5afdffead28d3e512654ad5d59e1036d29a1a29dcabd35ba","0e178f4f1f0e0636","112.09830487060546","2166.4946401712905","",""
"image-127","test/healthy/healthy_test.8.jpg","","test","healthy","unreviewed","500","500","152521","db53f45d6a237b8a9dcf5758b0d8f521ba152a7416f186424925b2c8392545ba","4dcf9f071323878c","152.80645495605467","1123.269096839673","",""
"image-128","test/healthy/healthy_test.9.jpg","","test","healthy","unreviewed","500","500","169075","28db6531799254cb53e273e006a2048c62c2e369c018867cc4cc214db31d2e15","0e06070f07838f4e","172.66263385009765","1070.595943214022","",""
"image-129","train/angular_leaf_spot/angular_leaf_spot_train.0.jpg","","train","angular_leaf_spot","unreviewed","500","500","172270","581604b273ba420fb821f558c036ccfcdffa128b80c688e5c46288b4482ab534","cf0f4f0703202444","119.89950592041015","1484.259823362974","",""
"image-130","train/angular_leaf_spot/angular_leaf_spot_train.1.jpg","","train","angular_leaf_spot","unreviewed","500","500","128332","4a6cbe1a7cd7ed05bc393b52a3590cdd4815d310129a0e24b0dfb1b80a86bd6c","a5858d0707cf8703","97.56944458007811","552.3925946087596","",""
"image-131","train/angular_leaf_spot/angular_leaf_spot_train.10.jpg","","train","angular_leaf_spot","unreviewed","500","500","150876","55cc43a8697b25928f0749e933d86dae7f33cc3bb4ceb22fc44b7caf20469478","df9f87879734ec5c","97.37423089599609","1454.9901345060662","",""
"image-132","train/angular_leaf_spot/angular_leaf_spot_train.100.jpg","","train","angular_leaf_spot","unreviewed","500","500","132481","baa9ca76016841d378c81373dcc9ddcbe9dd1f81285ee5d563341ba0b301a00e","0e13397d7f3b1e0f","131.72641662597655","684.8169226999592","",""
"image-133","train/angular_leaf_spot/angular_leaf_spot_train.101.jpg","","train","angular_leaf_spot","unreviewed","500","500","124961","570dcee8f2e3ba07f350073d4c1682248c57ad435edcf96ecec22f86654c3ffc","97171d2f2e2f2f0f","101.79040997314453","494.08959187837564","",""
"image-134","train/angular_leaf_spot/angular_leaf_spot_train.102.jpg","","train","angular_leaf_spot","unreviewed","500","500","139883","cf91bcc54140cd951dd426714ed43f7993704fa2b926e71b385e5c243beeb124","0e1a232e3e0c0c0c","120.52787908935547","959.3682614067393","",""
"image-135","train/angular_leaf_spot/angular_leaf_spot_train.103.jpg","","train","angular_leaf_spot","unreviewed","500","500","145412","f691f0f77de2c7d23477734334951e82e1e4116d0910f32e6a308a467d6e4eb4","736f9d676ce1c2c6","85.66102386474608","879.117400647654","",""
"image-136","train/angular_leaf_spot/angular_leaf_spot_train.104.jpg","","train","angular_leaf_spot","unreviewed","500","500","142126","e3c89e5425464586f9d745997fba37ea0bb99f875f46164fec29162522f0be50","3f1f0f47969fc7a7","134.42949780273437","1177.1414347445298","",""
"image-137","train/angular_leaf_spot/angular_leaf_spot_train.105.jpg","","train","angular_leaf_spot","unreviewed","500","500","133430","01bf752c107afe16d0f0e462e3e9b7f4d0e22082de0cd5aa94896b115234b88b","21331c0c0c008080","149.62619464111327","1084.9278578268288","",""
"image-138","train/angular_leaf_spot/angular_leaf_spot_train.106.jpg","","train","angular_leaf_spot","unreviewed","500","500","126473","cf4b9f8361ea0a83a8c70e62b969ec1c6ed1491473004ac99a4a5f285ab0bb75","26679737b77b199d","116.20887854003905","870.0515151120252","",""
"image-139","train/angular_leaf_spot/angular_leaf_spot_train.107.jpg","","train","angular_leaf_spot","unreviewed","500","500","145171","47f207b4e3160ca64a1aceff8dc09614b09d219c7f41c9692f48290b45f8aca8","61f56d243c3ecc43","93.61803814697265","1815.8649739314244","",""
"image-140","train/angular_leaf_spot/angular_leaf_spot_train.108.jpg","","train","angular_leaf_spot","unreviewed","500","500","161113","f776a054b12884f565176be939f2ea33cfc330201440264d088c37af609be261","c7e76f0fefc7131b","106.58498632812498","1304.670907280675","",""
"image-141","train/angular_leaf_spot/angular_leaf_spot_train.109.jpg","","train","angular_leaf_spot","unreviewed","500","500","150535","31401f7e9ab4b5cb18c5f7c85d4d996c7fe72ab4b2e5e1c6575a8f52d93bfb9e","67230f1f1f0f673d","136.57844726562502","940.0124032516209","",""
"image-142","train/angular_leaf_spot/angular_leaf_spot_train.11.jpg","","train","angular_leaf_spot","unreviewed","500","500","149595","87a0a4e6a5d45610c22395c76b1abd235b2ae31f67d25f39af98efdb31d7b4f3","eeffefe7e5d7f1f9","122.59869299316405","1014.4762047645642","",""
"image-143","train/angular_leaf_spot/angular_leaf_spot_train.110.jpg","","train","angular_leaf_spot","unreviewed","500","500","135155","a874669bc7b6b169e338d0865ef6726a444a48766756945dc73141728807a807","bb37070f0d1f3730","132.96087591552734","691.6408916987962","",""
"image-144","train/angular_leaf_spot/angular_leaf_spot_train.111.jpg","","train","angular_leaf_spot","unreviewed","500","500","130958","1f92891f17f6e5dc7dd252ed4e030c8bfee85cbacf97e455eb0e96541545ef5f","470f161e0f0f4f8e","153.43908947753908","459.6735787791005","",""
"image-145","train/angular_leaf_spot/angular_leaf_spot_train.112.jpg","","train","angular_leaf_spot","unreviewed","500","500","131477","f708e4735fdcf080bf02b89e6843b05df0009cfe4686656ece9e0849976f55f9","d057e7c69f9f1f0f","119.62586737060548","300.1088969988794","",""
"image-146","train/angular_leaf_spot/angular_leaf_spot_train.113.jpg","","train","angular_leaf_spot","unreviewed","500","500","128560","49696f09dea4ad60bf07d1bfebcdf6348a688f86bf2d8118cf40afc2884198ca","1f1b9f1d36778b81","146.21540625","750.8208806601626","",""
"image-147","train/angular_leaf_spot/angular_leaf_spot_train.114.jpg","","train","angular_leaf_spot","unreviewed","500","500","131487","93ebfc15e67f837ee5eff3a18a9e4d6bf617e41df6b740de7ccc0449f15eccc1","07078f1f0c8c0cc8","99.70823126220702","656.0697388610303","",""
"image-148","train/angular_leaf_spot/angular_leaf_spot_train.115.jpg","","train","angular_leaf_spot","unreviewed","500","500","140350","363595f1e55f0ee5082b78464b06a06836eb938b00d3cf549279366060659d96","0f0f0f0d471943e9","168.20495214843748","932.3002345638074","",""
"image-149","train/angular_leaf_spot/angular_leaf_spot_train.116.jpg","","train","angular_leaf_spot","unreviewed","500","500","162581","652c4c25c373f72afc20c7c53fd92c5889d159da0b9c6f9a290e1c11a3c29502","c1c30f0d2f1f1b09","147.04884661865236","2355.6290831620668","",""
"image-150","train/angular_leaf_spot/angular_leaf_spot_train.117.jpg","","train","angular_leaf_spot","unreviewed","500","500","103782","014e6582a7eb7a39e47ad0a98654228b7ad01118adf4a4de60d668edc8f64080","678e8f1f174f73ca","156.67139251708983","271.434229531809","",""
"image-151","train/angular_leaf_spot/angular_leaf_spot_train.118.jpg","","train","angular_leaf_spot","unreviewed","500","500","153541","f6fa2c182389ad99508702e28c5975d8df8902831c31783b0b3ccf042b7d5347","060707168e8f2da0","128.17043237304688","1122.7006491523314","",""
"image-152","train/angular_leaf_spot/angular_leaf_spot_train.119.jpg","","train","angular_leaf_spot","unreviewed","500","500","150322","6b6d3a56629e2777ad85c1a542d1135419f485b43088bfd9cb6d1f606fc408f2","8e9b9b1331321f17","128.40350439453124","879.0225468818306","",""
"image-153","train/angular_leaf_spot/angular_leaf_spot_train.12.jpg","","train","angular_leaf_spot","unreviewed","500","500","121518","de9ef8faf6307e3ceb62e882a042cf4c052636291dfb7b411f938cd45a652821","2830271b34281810","118.1604448852539","807.7701968751509","",""
"image-154","train/angular_leaf_spot/angular_leaf_spot_train.120.jpg","","train","angular_leaf_spot","unreviewed","500","500","176933","ae886ce34759c047d241670dd146e8a9e6d51d906cbdc1a24afb956215d3443d","8607076651d192a2","122.9616704711914","2927.1042558154213","",""
"image-155","train/angular_leaf_spot/angular_leaf_spot_train.121.jpg","","train","angular_leaf_spot","unreviewed","500","500","157047","2fffec9a2ca98bafc2eb2f3d52cfc0e1fb386c9915f5985b9701f0650df42d69","f71c37230b070f1e","103.31292987060547","1400.5640174564576","",""
"image-156","train/angular_leaf_spot/angular_leaf_spot_train.122.jpg","","train","angular_leaf_spot","unreviewed","500","500","211129","31efe4324d2b01f4926c669b644b56bd2575f1adf7fdbe1e93d4ab036d438c04","23e3e72307070703","125.07464929199216","2602.2986350441915","",""
"image-157","train/angular_leaf_spot/angular_leaf_spot_train.123.jpg","","train","angular_leaf_spot","unreviewed","500","500","150534","d554f7982154b5bf3321d95b3088fa3ad705090cd21eabd21a9e232641556e3c","bebf270f1f1f1624","126.1371098022461","1229.7080297775753","",""
"image-158","train/angular_leaf_spot/angular_leaf_spot_train.124.jpg","","train","angular_leaf_spot","unreviewed","500","500","139528","68ea8f82943713b3a433c21d9b8476907907c6f2d144c5af13a5d771d5c60112","1e1c1c1e0706060c","155.4216248168945","1157.0591416980205","",""
"image-159","train/angular_leaf_spot/angular_leaf_spot_train.125.jpg","","train","angular_leaf_spot","unreviewed","500","500","118305","f773d83eeff3dfc44e324f8eefa3771c5c2ef2ca59073423efdb7018cb9e2371","4c899f1f3f6f078f","149.67894470214844","383.67378579689523","",""
"image-160","train/angular_leaf_spot/angular_leaf_spot_train.126.jpg","","train","angular_leaf_spot","unreviewed","500","500","165425","fdbef5e99847bba227772e4493090201dfff25175b2142275957cc1cfab556ed","0507074e1f870736","87.44170349121093","862.9178004908413","",""
"image-161","train/angular_leaf_spot/angular_leaf_spot_train.127.jpg","","train","angular_leaf_spot","unreviewed","500","500","110964","a039cdf0766ad1fedf6738c3573c4d92d7a71eb417b8e5ab36a56a2155231ce4","674f2d1f363c3c0c","147.10400286865234","442.606490940155","",""
"image-162","train/angular_leaf_spot/angular_leaf_spot_train.128.jpg","","train","angular_leaf_spot","unreviewed","500","500","134871","88588273f77aa089ae53ff5572bf137321870555ed4862e582183c30b13923fc","070f0f1f3f3e0e99","114.10665924072265","1101.9830402112905","",""
"image-163","train/angular_leaf_spot/angular_leaf_spot_train.129.jpg","","train","angular_leaf_spot","unreviewed","500","500","138987","12af479f815bcec0b65fd8a02fe3daa81761d04d82b3b5b6a46b23ba98a9fc02","1f0f07c3c65d3821","138.38415350341796","939.3566733439242","",""
"image-164","train/angular_leaf_spot/angular_leaf_spot_train.13.jpg","","train","angular_leaf_spot","unreviewed","500","500","115694","c51a71dc2664d955e4c5bc00e6fe3dd3c112f6d2bf8f45e43d6f4e24c36e3d93","d88a8a1f1f171f0e","147.19409802246093","434.28437953521035","",""
"image-165","train/angular_leaf_spot/angular_leaf_spot_train.130.jpg","","train","angular_leaf_spot","unreviewed","500","500","175467","3b6dc65fafcdce4c3cc800532757d4fa008f3907572161fa438d769babe6b84c","6b4f0f0e1c1c0c19","104.95083325195311","1585.562556519965","",""
"image-166","train/angular_leaf_spot/angular_leaf_spot_train.131.jpg","","train","angular_leaf_spot","unreviewed","500","500","124201","39644c5ba0a038c09e1007c3175c6aeb31f903f39d615e748bcd9b4dd90f05b3","466559899587c3ca","118.62430749511718","509.8732976392081","",""
"image-167","train/angular_leaf_spot/angular_leaf_spot_train.132.jpg","","train","angular_leaf_spot","unreviewed","500","500","148930","63d1022c35d5a3a803b0345aefab54991c530c33542148ab2a845b8762f8f194","1d3f3f3b3c33383f","116.03807110595702","962.1720302379293","",""
"image-168","train/angular_leaf_spot/angular_leaf_spot_train.133.jpg","","train","angular_leaf_spot","unreviewed","500","500","191887","0e64b2c64e1df16859cbc5374047c688b39a7c5cef50a5a50ee392b4614c087c","33eb3f1f1f1bf796","137.00448846435546","1974.2228232160614","",""
"image-169","train/angular_leaf_spot/angular_leaf_spot_train.134.jpg","","train","angular_leaf_spot","unreviewed","500","500","135418","75520d0ffd9be3378dc6d68f0f82fdbd4b7539ff746494d7d458dabe5f772eed","87636337164d848c","127.16133148193359","799.562904280884","",""
"image-170","train/angular_leaf_spot/angular_leaf_spot_train.135.jpg","","train","angular_leaf_spot","unreviewed","500","500","145063","3882b216ce033736c8b9d0711ff5ab6d75d79076909cfd63f3580646d1bada64","0207070f8fb3f3d1","118.68754913330078","1588.5404771870478","",""
"image-171","train/angular_leaf_spot/angular_leaf_spot_train.136.jpg","","train","angular_leaf_spot","unreviewed","500","500","153999","1a3d66e21b06af2f4486e9ed465e316c95e6dd07ee5c21e9a0270590cd8b2618","696b191c1e181c9e","129.27942449951172","1476.616373432825","",""
"image-172","train/angular_leaf_spot/angular_leaf_spot_train.137.jpg","","train","angular_leaf_spot","unreviewed","500","500","152100","820e7325ffbd736b1e73b06d4d2182eb112d6e258603f92b0e88646661d2d589","870b090b07010103","135.70984759521485","804.0630426565743","",""
"image-173","train/angular_leaf_spot/angular_leaf_spot_train.138.jpg","","train","angular_leaf_spot","unreviewed","500","500","113234","5d8fcba271bcf23846838c523aaa86ebda99b65ed8da141fc73c1c782bb72640","770f0f0f07479397","154.37636486816405","391.8501503320396","",""
"image-174","train/angular_leaf_spot/angular_leaf_spot_train.139.jpg","","train","angular_leaf_spot","unreviewed","500","500","124325","7bb0f5733ca3f56d8b2f2031bdecbb598d10f7f2d4719078685a969b836b77fb","4f5e3e1e1e1f1f0e","121.79293707275389","832.2597338687635","",""
"image-175","train/angular_leaf_spot/angular_leaf_spot_train.14.jpg","","train","angular_leaf_spot","unreviewed","500","500","180779","1f54cf50cd707f21175c5485f5f1e0442627178cd5e7a3ce9bbb6fbbee5e948e","cef673e74747e70b","147.15146112060546","1334.5683975946258","",""
"image-176","train/angular_leaf_spot/angular_leaf_spot_train.140.jpg","","train","angular_leaf_spot","unreviewed","500","500","119629","00e09d908bd9c1eaca2b938c27d30f428f4a6cbac75700ee463b3235b4080c76","930f0f0d07070f4f","160.80613720703124","570.442876528756","",""
"image-177","train/angular_leaf_spot/angular_leaf_spot_train.141.jpg","","train","angular_leaf_spot","unreviewed","500","500","110287","7ef6e81fbfbf57bb4ce88d6484db3cdc0cce0d75ddaf63965bd82686202ea661","a5a3c70f1f1f0d2e","97.30210534667968","481.35311587134066","",""
"image-178","train/angular_leaf_spot/angular_leaf_spot_train.142.jpg","","train","angular_leaf_spot","unreviewed","500","500","113818","a032e31f28a87b13281f00e9664cd48e9eeb63682f186d507217f3a8859f72f7","86878b0b2b330302","101.91696191406248","229.50832707890558","",""
"image-179","train/angular_leaf_spot/angular_leaf_spot_train.143.jpg","","train","angular_leaf_spot","unreviewed","500","500","147672","4627e3cb70fcf86f0cb513f93492649bac4a2f57e7f6b8edf9873079d6419b4b","1613030743430f07","128.53091607666016","2156.813518834161","",""
"image-180","train/angular_leaf_spot/angular_leaf_spot_train.144.jpg","","train","angular_leaf_spot","unreviewed","500","500","126688","00efeaebb13d9d988e766c3113f23e94bc1de213bb273a7f6a1251738205c1b6","071f1f1f1b3f1b81","166.55256347656248","585.9066919786443","",""
"image-181","train/angular_leaf_spot/angular_leaf_spot_train.145.jpg","","train","angular_leaf_spot","unreviewed","500","500","100955","f81c89f53f2f3ccbd86e21b3ac251cef8c63f27ecc61eb09ddaf2c4c0ed49521","41757f1f0f0f1fbb","127.40075469970702","514.0194950521471","",""
"image-182","train/angular_leaf_spot/angular_leaf_spot_train.146.jpg","","train","angular_leaf_spot","unreviewed","500","500","140145","e6b77eeee14812c73d5bc846a55478532e4a4bbdbc3d371ae337bea9e9d5f692","8f971707070f079b","155.08764318847656","700.7613231151826","",""
"image-183","train/angular_leaf_spot/angular_leaf_spot_train.147.jpg","","train","angular_leaf_spot","unreviewed","500","500","151402","5ef0d1b2dcc16366a8d27fb8cc748915a30a34f570b195284aa02f79fe3b526b","b69b1e1f061f0607","132.64839355468752","1554.3540444720018","",""
"image-184","train/angular_leaf_spot/angular_leaf_spot_train.148.jpg","","train","angular_leaf_spot","unreviewed","500","500","114574","99d18f074c851c75a74370079e8b9a78a2223733afa54c0e95a66438337f2b35","c3e0d0e0c2063432","134.41662310791014","483.097732965833","",""
"image-185","train/angular_leaf_spot/angular_leaf_spot_train.149.jpg","","train","angular_leaf_spot","unreviewed","500","500","178380","59cdc7e08a6832771dbd699e1627fdaf8b171ab00fd19dcc35d03b914c89a28e","7f6fcfcf870f1912","149.23504876708984","1412.3561103220045","",""
"image-186","train/angular_leaf_spot/angular_leaf_spot_train.15.jpg","","train","angular_leaf_spot","unreviewed","500","500","123399","a60b8421ea23ce5f5f12f70f4a14dcff4cf6190ccfb482e61c6076db821e6b5a","0f0f0f9f8f0f0787","132.7648182373047","950.4781084333251","",""
"image-187","train/angular_leaf_spot/angular_leaf_spot_train.150.jpg","","train","angular_leaf_spot","unreviewed","500","500","136296","054a4da3de3369f7f3f4335cf4e97dd0a5f1669fb3b9530b07762dc6fb617b95","0f250f0f4d8f9d97","138.01267138671875","1025.1288667513275","",""
"image-188","train/angular_leaf_spot/angular_leaf_spot_train.151.jpg","","train","angular_leaf_spot","unreviewed","500","500","140930","0a40148c634df18cce7e32755093ad65319a5fecc26b3e561d0406992556b26b","090d1e163f533114","109.39365441894532","1584.061167969018","",""
"image-189","train/angular_leaf_spot/angular_leaf_spot_train.152.jpg","","train","angular_leaf_spot","unreviewed","500","500","185988","c07a475a43812ab6a11d0730222fb1860332c5f5a100c46e6ee2aadf132dffd7","cccdc70e070e3f0f","144.92034307861326","1300.2649278960532","",""
"image-190","train/angular_leaf_spot/angular_leaf_spot_train.153.jpg","","train","angular_leaf_spot","unreviewed","500","500","149893","af2f235d92fecf907603a0014326d4c859185a9508e0b243bac94b6d75b6ca6c","b98d0f0f8e8e8e89","131.38335437011716","1188.413099596006","",""
"image-191","train/angular_leaf_spot/angular_leaf_spot_train.154.jpg","","train","angular_leaf_spot","unreviewed","500","500","151520","b8d647e2a2b875beef38fad89902dbccfa166d26ce83e8178d0c2a755b0e2ad2","6f4f070f0f869f3d","142.90324658203124","1017.7627995467033","",""
"image-192","train/angular_leaf_spot/angular_leaf_spot_train.155.jpg","","train","angular_leaf_spot","unreviewed","500","500","135198","cf7d4529d9ae29ecddd16761e1f463fb84a330f31e14914bc48144ba5784d16f","980c8f8d9f87836c","130.3913231201172","837.236766452117","",""
"image-193","train/angular_leaf_spot/angular_leaf_spot_train.156.jpg","","train","angular_leaf_spot","unreviewed","500","500","144185","8f3778a34de2fe905dedea6d9af79fcaa3d730788023f49f91d196403d31f782","0f4b1f2d2e260612","136.63362701416014","896.5382131174907","",""
"image-194","train/angular_leaf_spot/angular_leaf_spot_train.157.jpg","","train","angular_leaf_spot","unreviewed","500","500","114646","f3c672e3378f02edd5d17fdd600375341521d71fe3d51ccb0c947ee5fee826c0","2f1f5f1f1f0f9f97","129.72074291992186","753.2031168785237","",""
"image-195","train/angular_leaf_spot/angular_leaf_spot_train.158.jpg","","train","angular_leaf_spot","unreviewed","500","500","126202","023278ea47434bf0cf1941fd4408942d095b9af905628636a0d4aa6cce5ba097","f2c80e07170f8f8b","104.53563854980467","844.4738335261208","",""
"image-196","train/angular_leaf_spot/angular_leaf_spot_train.159.jpg","","train","angular_leaf_spot","unreviewed","500","500","143449","ac8f040be41f84f7e4f42464202147e2c6b94693f00211ef56f83e9a01d4fc8b","ef474707cfd5d7e7","156.26612567138673","1018.0646035432289","",""
"image-197","train/angular_leaf_spot/angular_leaf_spot_train.16.jpg","","train","angular_leaf_spot","unreviewed","500","500","125129","ffb754c5cf2f3a0b62e047543b3b6d380e9de4d8854687c7f0213990131fb506","67271b1e9c8ce563","137.71594409179687","687.9358429147745","",""
"image-198","train/angular_leaf_spot/angular_leaf_spot_train.160.jpg","","train","angular_leaf_spot","unreviewed","500","500","132163","f5b71259af367260b0b03d7e25e3b54955b216ed585850c31bfe1923345433c0","271f33075f478f1f","139.60767291259765","863.8961189760939","",""
"image-199","train/angular_leaf_spot/angular_leaf_spot_train.161.jpg","","train","angular_leaf_spot","unreviewed","500","500","151585","ed1211b96838399da7f712b37c0ccfebb12c24338b0a10ee05ff82cf69f1fda9","6c0d1f3e67472e2e","137.45230407714843","1444.1080840423315","",""
"image-200","train/angular_leaf_spot/angular_leaf_spot_train.162.jpg","","train","angular_leaf_spot","unreviewed","500","500","153270","2a4f683dfb186ce23cbbc1e1945996d4587449915bc5bbc54d921bc4b3aa4378","171b4f6662c3461e","140.9011911010742","1289.6760430970849","",""
"image-201","train/angular_leaf_spot/angular_leaf_spot_train.163.jpg","","train","angular_leaf_spot","unreviewed","500","500","128276","e1f1d54bcc9c22892909c7f45218b85be4fdb0386009007528e68cbc8483e645","5f37070f1b33cfd6","140.13898718261717","578.3501588152981","",""
"image-202","train/angular_leaf_spot/angular_leaf_spot_train.164.jpg","","train","angular_leaf_spot","unreviewed","500","500","111875","8678802b8eb9997555f15b56178c880e75267c6b83262534a4d364eb6a955534","5c58881b9f5d5ccc","112.39974597167969","587.381032418752","",""
"image-203","train/angular_leaf_spot/angular_leaf_spot_train.165.jpg","","train","angular_leaf_spot","unreviewed","500","500","154289","08fdae2bb75bf0b00cf1a9b52c4ec6851b9b2ade4eb7ef411b7c947886cc07a0","3725253d38ecdc98","156.73859515380857","650.7652438810923","",""
"image-204","train/angular_leaf_spot/angular_leaf_spot_train.166.jpg","","train","angular_leaf_spot","unreviewed","500","500","129785","ee1580afabc27e9554701db13efa4bb856a067d157dc47cdb437d81699417f48","3898101490103170","111.58824304199217","1102.9577087499956","",""
"image-205","train/angular_leaf_spot/angular_leaf_spot_train.167.jpg","","train","angular_leaf_spot","unreviewed","500","500","132762","7e9555a9e8d887fc8d2e26e1c4efe0bb055c71ca5366a3a550f69ee77f273cdc","06070e1f33231f1f","126.88662139892578","703.0464781763535","",""
"image-206","train/angular_leaf_spot/angular_leaf_spot_train.168.jpg","","train","angular_leaf_spot","unreviewed","500","500","130650","cbd403e5d5e4f33d8988083ba09b82bae6106021d66d66a2164b32e326e368b8","4c4e4b0b0d8fcfa7","113.18550396728514","712.3798114461822","",""
"image-207","train/angular_leaf_spot/angular_leaf_spot_train.169.jpg","","train","angular_leaf_spot","unreviewed","500","500","158432","99cfbf443241f389f278412c7f5f95638d6c75605d4ae3b39faa74082701f76d","a627a7874707074d","152.70148645019532","2119.9128175977944","",""
"image-208","train/angular_leaf_spot/angular_leaf_spot_train.17.jpg","","train","angular_leaf_spot","unreviewed","500","500","115719","fda557977233181729ff558cb08f76433b0900dac2e9d9de23e31f4c53de8280","cfe7b7fffeffffff","175.4496000366211","588.8958393712842","",""
"image-209","train/angular_leaf_spot/angular_leaf_spot_train.170.jpg","","train","angular_leaf_spot","unreviewed","500","500","111935","b9e27852b9273f2e360587fcbfb4ad87a515564f1fecc7732057dfdbfbca15fb","9c9c1f7f3e3cc4f4","103.69868011474608","222.74618976262553","",""
"image-210","train/angular_leaf_spot/angular_leaf_spot_train.171.jpg","","train","angular_leaf_spot","unreviewed","500","500","117870","67a8ba8512dd7b034425b8b1d3a7eb63564fccd0a85e565f38bc30a26022ca02","5a681f0381c37236","111.69007012939454","386.95766174783506","",""
"image-211","train/angular_leaf_spot/angular_leaf_spot_train.172.jpg","","train","angular_leaf_spot","unreviewed","500","500","162054","806ff2598fbd2ef786448603b49e34286a6a192343937e69d7181bcd355156fc","874646069e9e0f05","123.50787707519531","1348.73294484684","",""
"image-212","train/angular_leaf_spot/angular_leaf_spot_train.173.jpg","","train","angular_leaf_spot","unreviewed","500","500","123593","11cdec58f4dd2b65485db41676fa8c72fed0a67fe7bd134e9ad37c1129b2496b","4f0f0717170f0fef","123.71766003417969","884.5558508648966","",""
"image-213","train/angular_leaf_spot/angular_leaf_spot_train.174.jpg","","train","angular_leaf_spot","unreviewed","500","500","114484","1bb7b9e1f44345f00b3abbe3d1d0715805eeb39e6a0ae95680bb17712852dc60","d78f971303860664","105.93298822021484","253.05065300847033","",""
"image-214","train/angular_leaf_spot/angular_leaf_spot_train.175.jpg","","train","angular_leaf_spot","unreviewed","500","500","128857","b424069062653c4c2a7ac1bc0149c0a7c8af1a30675d34b14b19032ff2d7154e","1d1b0e0e3517d3d3","143.73402178955075","916.047241279607","",""
"image-215","train/angular_leaf_spot/angular_leaf_spot_train.176.jpg","","train","angular_leaf_spot","unreviewed","500","500","186889","75583733f07f4e5397e9b57dc2bd55368d006f38540b871ff9b7cf3e5538e619","e0c0c3030b8f8fcd","131.9168280029297","1983.4734690037465","",""
"image-216","train/angular_leaf_spot/angular_leaf_spot_train.177.jpg","","train","angular_leaf_spot","unreviewed","500","500","130549","f3c28337ac1ec8f381bd51658c73ccee09f197d1b3d2a15521e859e8fc2a6f4d","998d8f9727171f9d","104.41003619384765","887.367269347122","",""
"image-217","train/angular_leaf_spot/angular_leaf_spot_train.178.jpg","","train","angular_leaf_spot","unreviewed","500","500","148166","d2d62518654d7b0b6f03ec67e1554a8ed2baa271ad85082cd668e5ba0d525e1a","1707071f1f1f1f1f","120.08117102050781","1327.665960760672","",""
"image-218","train/angular_leaf_spot/angular_leaf_spot_train.179.jpg","","train","angular_leaf_spot","unreviewed","500","500","126528","cf2b98d93fb52598728c2a06635749b5b4368a1af40780d17ebb0b7826178f4a","335f1e0f179f4fcf","118.77434063720703","699.2115917094561","",""
"image-219","train/angular_leaf_spot/angular_leaf_spot_train.18.jpg","","train","angular_leaf_spot","unreviewed","500","500","123874","4938b1c2ba6489a5246168d35475d1f41323167d973bb1a776e6950a3219267e","43031f3f1d878614","97.38546282958984","548.708163219529","",""
"image-220","train/angular_leaf_spot/angular_leaf_spot_train.180.jpg","","train","angular_leaf_spot","unreviewed","500","500","181874","d86929a21b10b3298e90fa19345937d1084a3667eb00eaeda827d140723b9775","8900859b9f9f9fcb","150.86194262695312","940.6087595850408","",""
"image-221","train/angular_leaf_spot/angular_leaf_spot_train.181.jpg","","train","angular_leaf_spot","unreviewed","500","500","117767","a0a3baa351387873370b9bceb3f9ca73a0cab21f6119996887819bfe16b48a92","38378e1f3f3f6f3f","151.83272607421875","433.16219824082253","",""
"image-222","train/angular_leaf_spot/angular_leaf_spot_train.182.jpg","","train","angular_leaf_spot","unreviewed","500","500","140882","2b38cbdbf803ca57909692f3ef37581627ce80c60d3149be7f5a27004e8c9741","6ecccb8f1f79898f","100.2705016479492","1370.989167796546","",""
"image-223","train/angular_leaf_spot/angular_leaf_spot_train.183.jpg","","train","angular_leaf_spot","unreviewed","500","500","143883","346deaa02c80976d9c7fe9ad5b626abf392017e3a3645b839c223d8cda8afcd3","8f1f1f9e1b1abcbc","142.16308551025392","960.7331072093656","",""
"image-224","train/angular_leaf_spot/angular_leaf_spot_train.184.jpg","","train","angular_leaf_spot","unreviewed","500","500","107214","42a75b2b9b8bbf3a94d94f17ebbc8b8b5f5e7086061a4e3a8d6dccbd473454f2","ada7838763272624","82.87416406249999","324.09208418120267","",""
"image-225","train/angular_leaf_spot/angular_leaf_spot_train.185.jpg","","train","angular_leaf_spot","unreviewed","500","500","147848","63d6b8c4cb238128102a018444828875ec30e0d4cc90cc83eb8e2f9c64cae45a","ac376737270f1f0e","140.33010858154296","1260.2710067453843","",""
"image-226","train/angular_leaf_spot/angular_leaf_spot_train.186.jpg","","train","angular_leaf_spot","unreviewed","500","500","169888","754f994094741457107b026086d8f1c30f4fd1d8211873a396d330f1e3f9c31d","1e1f1f9f9e3e2fe7","126.20827209472654","2025.3102935351458","",""
"image-227","train/angular_leaf_spot/angular_leaf_spot_train.187.jpg","","train","angular_leaf_spot","unreviewed","500","500","160689","cdda11bbbc2545e0001c4a0038adecba3cdfa23fa313c1cfe7b0501ded8d7988","0d0f0f4f0f1f9f9f","95.55492755126953","795.3363683480571","",""
"image-228","train/angular_leaf_spot/angular_leaf_spot_train.188.jpg","","train","angular_leaf_spot","unreviewed","500","500","197729","f328cf8182a55851d1a3f063a126dcb4ec670d3e1aaa4e11049fc96309044359","161213131b1b1f5e","137.608541015625","1928.7564924505646","",""
"image-229","train/angular_leaf_spot/angular_leaf_spot_train.189.jpg","","train","angular_leaf_spot","unreviewed","500","500","128697","3f42cacf36c7419d78d7fcf977065ff995724812ff97f9b934f4dda976b86914","671b0f071e0e0f8d","107.31886853027342","956.5756546230651","",""
"image-230","train/angular_leaf_spot/angular_leaf_spot_train.19.jpg","","train","angular_leaf_spot","unreviewed","500","500","147167","fe40971c842e9a1528120d916da96aa8afbf1fd991652149402063a8a2759a57","990d06a223e7cd9f","124.99217993164062","1019.4509726087131","",""
"image-231","train/angular_leaf_spot/angular_leaf_spot_train.190.jpg","","train","angular_leaf_spot","unreviewed","500","500","142817","6d6c38726771313da6e40b4df111edbe710bcb2784d1375551d8364a3f000482","cfc3c34393536461","139.7114409790039","1378.6119344074643","",""
"image-232","train/angular_leaf_spot/angular_leaf_spot_train.191.jpg","","train","angular_leaf_spot","unreviewed","500","500","136799","b57190e036be8936078f23fa0f3575f58c34d5bd048c716ca2e4865d155aba26","4e64300a020304cc","119.10544879150392","1101.4243954807782","",""
"image-233","train/angular_leaf_spot/angular_leaf_spot_train.192.jpg","","train","angular_leaf_spot","unreviewed","500","500","142081","4ead600160a8c4f5aa7fae97a958ec913a76270ab3f199794397a677f4b32aed","062f0f0f07070f2d","117.42338879394532","1171.039380936786","",""
"image-234","train/angular_leaf_spot/angular_leaf_spot_train.193.jpg","","train","angular_leaf_spot","unreviewed","500","500","153360","31ee48bbabfe6c28c8bce635d98892c03082e5e98eb4c03e478aadb72a9fc7ef","0d471c0c0f0c1c06","132.3686983642578","1587.689685739206","",""
"image-235","train/angular_leaf_spot/angular_leaf_spot_train.194.jpg","","train","angular_leaf_spot","unreviewed","500","500","116903","dfaaa8bb0f97cd88381b92978d4a6adbdec648fdf54fee7619c654486acf10ba","8f0f0c2c2d389891","118.91646948242187","537.5140924392276","",""
"image-236","train/angular_leaf_spot/angular_leaf_spot_train.195.jpg","","train","angular_leaf_spot","unreviewed","500","500","133424","1c958864b9428861da056602fca217cbbc356ea8b862fbc6add7877542eb6fc6","1f07061b1b076b43","114.01167303466796","859.6453295013304","",""
"image-237","train/angular_leaf_spot/angular_leaf_spot_train.196.jpg","","train","angular_leaf_spot","unreviewed","500","500","121516","6129695e3383897ae5b2acede0b94a99e3e825f6f0d65d94726e87154cee0c00","080c0c0e0e060003","108.23474505615233","728.7871823719695","",""
"image-238","train/angular_leaf_spot/angular_leaf_spot_train.197.jpg","","train","angular_leaf_spot","unreviewed","500","500","123477","652d682061d65e823f190de2f24cb0259500a3f8af6df90faca75ab515a2a248","6cc4c69796a494b2","137.6675065307617","466.4576693355695","",""
"image-239","train/angular_leaf_spot/angular_leaf_spot_train.198.jpg","","train","angular_leaf_spot","unreviewed","500","500","110701","715ef9b760c1c42472475c38190a346bd854fe6988310812dc0807a7e3075b7a","5d5dcf07271f9f1b","92.83344281005859","401.67490442309287","",""
"image-240","train/angular_leaf_spot/angular_leaf_spot_train.199.jpg","","train","angular_leaf_spot","unreviewed","500","500","139754","e29454f03974af5de0f8dae91324e2014dd1b4775cfff11be6f109554a9fe650","9d9f1f1f1f17073c","142.04424786376953","1578.5563427593447","",""
"image-241","train/angular_leaf_spot/angular_leaf_spot_train.2.jpg","","train","angular_leaf_spot","unreviewed","500","500","173570","53ba8a350e09cd8a1d239c1006d3ed95beeb7b85a76b04548be4edf53a7e3878","971307060f1f1f07","103.85187396240234","777.4680614910209","",""
"image-242","train/angular_leaf_spot/angular_leaf_spot_train.20.jpg","","train","angular_leaf_spot","unreviewed","500","500","156394","7d4114c3007392341bc5c6d3bbc976435676c7a28c0d4ff84c69e5f9539ea451","31291d1f7e7e1e26","161.7474884033203","1317.3670605221066","",""
"image-243","train/angular_leaf_spot/angular_leaf_spot_train.200.jpg","","train","angular_leaf_spot","unreviewed","500","500","117978","01c46d9fff4e824bf6b082b348155bdda9eac607f0acbc6af79f599df95051b8","67617fbfffff7f7f","138.68392059326172","651.4016847254645","",""
"image-244","train/angular_leaf_spot/angular_leaf_spot_train.201.jpg","","train","angular_leaf_spot","unreviewed","500","500","159711","3ff4362ac380aaa10d179458e4d57b2ac216b41a00f2eb244145146a094bfb42","4f063773e1e0d9d9","121.85238104248047","1200.6728947378726","",""
"image-245","train/angular_leaf_spot/angular_leaf_spot_train.202.jpg","","train","angular_leaf_spot","unreviewed","500","500","128401","44e09993d64550d39468b0584061c749269581e8031508c0da03cb28a911eb70","8e8bcfcf1b5a9b84","108.51280358886717","933.939227948683","",""
"image-246","train/angular_leaf_spot/angular_leaf_spot_train.203.jpg","","train","angular_leaf_spot","unreviewed","500","500","121603","dba12ea04319faa445887323a077c1a44e2ece4ec19f53a66faade90d4bc39ff","c7470fcfcf6f0f0f","110.38181420898437","425.9449333566087","",""
"image-247","train/angular_leaf_spot/angular_leaf_spot_train.204.jpg","","train","angular_leaf_spot","unreviewed","500","500","145365","2c8245c3ab6efebe6ee88df06b5222e6924bebfa9fbbff44758caa1c0f23f822","5f77e74149430763","138.92904370117185","676.4294674173592","",""
"image-248","train/angular_leaf_spot/angular_leaf_spot_train.205.jpg","","train","angular_leaf_spot","unreviewed","500","500","157095","f994468c85aad5b498ff332e79d01157710ede9d1ceddd4ec5d6a826936c6486","3c1e1f47c687a1a0","133.1246625366211","1842.2585740856944","",""
"image-249","train/angular_leaf_spot/angular_leaf_spot_train.206.jpg","","train","angular_leaf_spot","unreviewed","500","500","130799","f682ec2659112cbc662655eed0b961e85b8b396eac52799f9cff9fe138fb3cb7","cbc99a9b9b0fe0e0","120.07077020263671","545.0780067782597","",""
"image-250","train/angular_leaf_spot/angular_leaf_spot_train.207.jpg","","train","angular_leaf_spot","unreviewed","500","500","161385","301c54c693dde4b5e643f59291957ae1d3cb06bee62d0479d3e05dfd2a32650b","42219094959b810d","125.89785083007811","1598.805623247819","",""
"image-251","train/angular_leaf_spot/angular_leaf_spot_train.208.jpg","","train","angular_leaf_spot","unreviewed","500","500","141726","2f8aede9ce6c756f084a4de1a3738db88215ec15fe16239a6f0270560ce8d65d","63399c0f07878fca","133.04280578613282","1189.494425892922","",""
"image-252","train/angular_leaf_spot/angular_leaf_spot_train.209.jpg","","train","angular_leaf_spot","unreviewed","500","500","145936","95cab5686207dd5b0c1adecfafb3e2b4d9c4c766266b093492d1f4459d1b6fce","9c0e0703070f9fdf","142.79459875488283","1348.2495206370238","",""
"image-253","train/angular_leaf_spot/angular_leaf_spot_train.21.jpg","","train","angular_leaf_spot","unreviewed","500","500","121134","35ea4815ea4e14f9e68533081b2fde3691c5bf8a42b9d5d0fc9dc93625a2f10c","d90f4e876733374f","96.48665856933593","828.5110956005917","",""
"image-254","train/angular_leaf_spot/angular_leaf_spot_train.210.jpg","","train","angular_leaf_spot","unreviewed","500","500","159066","f66ec60e5d92a51a747771ddf5a151435b003531a9d1435e9a3b70be13d56be7","478de960f0707a26","150.20633221435546","789.5592668411923","",""
"image-255","train/angular_leaf_spot/angular_leaf_spot_train.211.jpg","","train","angular_leaf_spot","unreviewed","500","500","122561","07efcdb9dada890625dc69a46b3fd16bb652a0878a64d4d369ca98b569f80b68","cf0f0e0707472734","147.55056408691405","514.9451872517983","",""
"image-256","train/angular_leaf_spot/angular_leaf_spot_train.212.jpg","","train","angular_leaf_spot","unreviewed","500","500","131160","80782ff6233af8f0c5ab591e3e2efe15cff25e895830c14f29c4c8082598f45b","744487230f0f2610","128.12061376953125","537.6720182112568","",""
"image-257","train/angular_leaf_spot/angular_leaf_spot_train.213.jpg","","train","angular_leaf_spot","unreviewed","500","500","165916","2058d372b410155c37a8958e1572870c90804314934bce9158bc70c47ff39fea","1f0d0c070f0e1b93","144.06587573242186","1694.334711931282","",""
"image-258","train/angular_leaf_spot/angular_leaf_spot_train.214.jpg","","train","angular_leaf_spot","unreviewed","500","500","139748","bff7f4e2a59d1c30fcdb5dd519c71f63c4196c5c40b51566840d6ed50402e4f6","4f0f0f1b39295798","160.88555444335935","811.079839350305","",""
"image-259","train/angular_leaf_spot/angular_leaf_spot_train.215.jpg","","train","angular_leaf_spot","unreviewed","500","500","176176","89012fa4426ffa28f1201287cacb41ed5a0315fc44e04bf9c2ba1dcce5cf26e2","1d0f0f1e1f1b0932","136.28433380126953","1973.896729768314","",""
"image-260","train/angular_leaf_spot/angular_leaf_spot_train.216.jpg","","train","angular_leaf_spot","unreviewed","500","500","118137","30c30acb12c96e40f682faedd99c76e153e6ff4198355461a867548155f9d448","1f0f0f070f1b3f1f","158.76349963378905","527.2406328307508","",""
"image-261","train/angular_leaf_spot/angular_leaf_spot_train.217.jpg","","train","angular_leaf_spot","unreviewed","500","500","119161","0114779d03c48b22d5432e25797bc050d1ca0ce52504c11679c786aa1f67d64a","0f4f0f07c7c35c54","100.6483819580078","698.4009219928589","",""
"image-262","train/angular_leaf_spot/angular_leaf_spot_train.218.jpg","","train","angular_leaf_spot","unreviewed","500","500","104230","cfb670e3ea50b5cf1660b6e280b35f4f5e536352974a859b74b346bdb50d7311","3e3f270707838f46","150.77038641357422","330.762941973135","",""
"image-263","train/angular_leaf_spot/angular_leaf_spot_train.219.jpg","","train","angular_leaf_spot","unreviewed","500","500","172647","64c429ca8aed3c0ace9795b0b8b95159aff10d37a2cce33d33e9652aed4a4a7e","8ccd396767010716","137.42575494384764","1972.749491193263","",""
"image-264","train/angular_leaf_spot/angular_leaf_spot_train.22.jpg","","train","angular_leaf_spot","unreviewed","500","500","174269","f2398e37e9375630b345e79d87be883983442dec1ab0c488758e8117e5bf3875","8595874b5b1e3630","95.57222277832031","2740.25064837499","",""
"image-265","train/angular_leaf_spot/angular_leaf_spot_train.220.jpg","","train","angular_leaf_spot","unreviewed","500","500","154166","225049b0fc788e620e1e0737fb33349d99dc6216cc8f80107e708f82051faca0","0e0d3d3d1f4e5fde","124.65865075683593","1283.2397695795357","",""
"image-266","train/angular_leaf_spot/angular_leaf_spot_train.221.jpg","","train","angular_leaf_spot","unreviewed","500","500","143008","fedd50b7b0c4d383c3f321a1bc222d099b03023fc4a0d1ca38d8e3fecbbea6c4","13134e1e1f0f0f87","134.80139447021483","1413.0794544363873","",""
"image-267","train/angular_leaf_spot/angular_leaf_spot_train.222.jpg","","train","angular_leaf_spot","unreviewed","500","500","163068","ac04b1787bec791279c9085ef750ea5fadf48bbb068289ce0eaf9c8d30516cbf","331f0f070707179b","127.67714495849607","1257.6541539546033","",""
"image-268","train/angular_leaf_spot/angular_leaf_spot_train.223.jpg","","train","angular_leaf_spot","unreviewed","500","500","138305","f3c4b8f01790d3d2cc84b6df2b21326d15e92f97ef3006f6aae88f329987e608","cc8f070706071909","140.40068353271482","881.0590301753439","",""
"image-269","train/angular_leaf_spot/angular_leaf_spot_train.224.jpg","","train","angular_leaf_spot","unreviewed","500","500","145290","9d20aed670ac1ac74d56a604e5d70f06b765c1355eae7ec114a2b1b1ff8130f7","3e0e0d874fd7797b","103.83710064697264","1601.9376266984502","",""
"image-270","train/angular_leaf_spot/angular_leaf_spot_train.225.jpg","","train","angular_leaf_spot","unreviewed","500","500","103721","d18b2747503ba39a5af57894dad77563d18b214c04a773f3db7e6812a8d6a386","878e1b3b33170f07","103.85405902099609","185.67413776937568","",""
"image-271","train/angular_leaf_spot/angular_leaf_spot_train.226.jpg","","train","angular_leaf_spot","unreviewed","500","500","115644","799d076c09a5a1841cc309d6ecaea7b33dfe4aae851e9efeb62749dc80ed74f3","2f4e0f070747173f","125.57546417236327","517.0183097591549","",""
"image-272","train/angular_leaf_spot/angular_leaf_spot_train.227.jpg","","train","angular_leaf_spot","unreviewed","500","500","144045","43af4fb64193a908c4c9d257004dfc4ee023e66d9f36653dfe95bbc909136cb8","193979e8fe470727","106.7031470336914","1075.0811717657934","",""
"image-273","train/angular_leaf_spot/angular_leaf_spot_train.228.jpg","","train","angular_leaf_spot","unreviewed","500","500","147720","26e17dfebd60db42f62d2e1694bb92e28b572a8652a7e6ac121dff0a08443baf","460213190d250686","100.73453125","987.7982588220426","",""
"image-274","train/angular_leaf_spot/angular_leaf_spot_train.229.jpg","","train","angular_leaf_spot","unreviewed","500","500","121944","6daddbabdd0d676d77b8acac5468c61398cd94b0e69159bc910783e7ead46ebf","c6263966e2aa0706","105.39204901123045","964.0236818813546","",""
"image-275","train/angular_leaf_spot/angular_leaf_spot_train.23.jpg","","train","angular_leaf_spot","unreviewed","500","500","170056","3ddce450b77cf3f6b420e18060a478efdda2ae723fb29518a7fb329a8fc84b71","0000080c0606020e","110.97418835449218","885.4119349774948","",""
"image-276","train/angular_leaf_spot/angular_leaf_spot_train.230.jpg","","train","angular_leaf_spot","unreviewed","500","500","133330","24a7f60ed1385e250f8d304c2af77040619434d2591ed01826d0ea022a5ec884","1a19121c071b33c9","95.31702569580077","1163.7205903905772","",""
"image-277","train/angular_leaf_spot/angular_leaf_spot_train.231.jpg","","train","angular_leaf_spot","unreviewed","500","500","127848","9023c46fbca93a57b68b2d8c9c32c1e579ee258afad4c0d85140f13cc67a1c53","db99d1f1f3f3e1e0","117.60946862792969","276.21107019992604","",""
"image-278","train/angular_leaf_spot/angular_leaf_spot_train.232.jpg","","train","angular_leaf_spot","unreviewed","500","500","147066","bababccb469bb0a62b41eb581faad2820946eddc5b004f1d40f01fe84fb261cc","60e086c71f1f1313","139.32620458984377","1731.7846462269642","",""
"image-279","train/angular_leaf_spot/angular_leaf_spot_train.233.jpg","","train","angular_leaf_spot","unreviewed","500","500","105948","d4ae76d06fc1ffa42151a6b55354bc71d9eee34027f058368189a07b69e0f5a5","06090e0e068f9120","153.48207385253906","382.5487312340996","",""
"image-280","train/angular_leaf_spot/angular_leaf_spot_train.234.jpg","","train","angular_leaf_spot","unreviewed","500","500","153533","654fda22ce715f97b87fcafd48d6de0cc9abe2cd8e8a1c0d002390bfb9a43c3a","3f37878f9f0f2fe1","141.49619158935548","850.1415152000792","",""
"image-281","train/angular_leaf_spot/angular_leaf_spot_train.235.jpg","","train","angular_leaf_spot","unreviewed","500","500","185599","42048cde8879a6491c555622a377242d7356d013edc9a69cabf9a56b1dcc00dd","3f3f6cee8687cff6","135.53316210937498","2398.910429629081","",""
"image-282","train/angular_leaf_spot/angular_leaf_spot_train.236.jpg","","train","angular_leaf_spot","unreviewed","500","500","163950","2a85c6bfae215eda36c930a167408a7acb4a82920f779e0ed24697d45eb30f04","3476272c39832b6b","127.88975451660156","1553.6296476015282","",""
"image-283","train/angular_leaf_spot/angular_leaf_spot_train.237.jpg","","train","angular_leaf_spot","unreviewed","500","500","129884","9485d65aca625ee0bbf1a0eb71083004dea430f61040f70935799bdd09630d00","323a2f39390d3137","114.55495220947266","769.7816149447732","",""
"image-284","train/angular_leaf_spot/angular_leaf_spot_train.238.jpg","","train","angular_leaf_spot","unreviewed","500","500","130220","bafe78ff259ddb400f0dd78d1d54a92832a25e1a79e8f117a190d3742a5884c0","66e6c21b3f3f3e35","127.21034020996093","820.4239341637308","",""
"image-285","train/angular_leaf_spot/angular_leaf_spot_train.239.jpg","","train","angular_leaf_spot","unreviewed","500","500","135925","be7ca5e8b1dc66a64fea979266b65e6442047ef087069f98a2a91634c4dce2b2","33d8de1d3726362c","142.27711846923827","836.8052913601324","",""
"image-286","train/angular_leaf_spot/angular_leaf_spot_train.24.jpg","","train","angular_leaf_spot","unreviewed","500","500","162744","0d01ac11697017e4c672233b5be058f953524a9cd799aa5127bf28f16972425a","1b161c1f1d998685","135.491602355957","1951.2260298025385","",""
"image-287","train/angular_leaf_spot/angular_leaf_spot_train.240.jpg","","train","angular_leaf_spot","unreviewed","500","500","138499","2436fc07c882364461e27e1e8a4b9ee9dced5014eb13fec96c78adcbcbb5e09d","9b16871f1f6bcec0","145.69513024902344","1003.3872449299737","",""
"image-288","train/angular_leaf_spot/angular_leaf_spot_train.241.jpg","","train","angular_leaf_spot","unreviewed","500","500","175608","2322de3e6889da917cc7ec5f3de42709e17cf9cce1c50fc3d5ba39c8a172337a","9597274787db7d7c","110.97676788330077","1784.6985587341637","",""
"image-289","train/angular_leaf_spot/angular_leaf_spot_train.242.jpg","","train","angular_leaf_spot","unreviewed","500","500","111474","8c1c83fd8c8344efbdce140429e38465650919b11f75508fed64dd1da57eb435","672f1f3f1f0f4f5e","92.24374346923827","372.3768503149309","",""
"image-290","train/angular_leaf_spot/angular_leaf_spot_train.243.jpg","","train","angular_leaf_spot","unreviewed","500","500","125929","8c361044e1d9ab72a0c1c531399272b881fcea76532bbcaef5fc36398c170cce","0605010808090b2e","109.88379754638672","290.5833866342226","",""
"image-291","train/angular_leaf_spot/angular_leaf_spot_train.244.jpg","","train","angular_leaf_spot","unreviewed","500","500","170879","44b7b79ba3f863997ae506914e80805e47eb11fd43b8b12f125415b8481daa81","370f8f0bc1003111","109.6008237915039","1522.4378487272418","",""
"image-292","train/angular_leaf_spot/angular_leaf_spot_train.245.jpg","","train","angular_leaf_spot","unreviewed","500","500","129125","ed55466a6b4b0d030a1a0116b76a4fa668bb7c94d34b6c45c62cdcafe5a64a99","6d0f0f0d0f2f6fa3","150.98973498535156","814.5080765585316","",""
"image-293","train/angular_leaf_spot/angular_leaf_spot_train.246.jpg","","train","angular_leaf_spot","unreviewed","500","500","125187","01336f5d3cea8fc8cd206091e9736bf2292c83b0e6a6e618ee40a896dfc18b6a","efefdd3f3f3f1f0f","112.92144238281249","353.99870196110385","",""
"image-294","train/angular_leaf_spot/angular_leaf_spot_train.247.jpg","","train","angular_leaf_spot","unreviewed","500","500","117212","1899aecf8d1426306eb1244a7455d64582bf279787006c33b92fe04678d96022","87911b17062d6496","103.03308154296874","706.7042425435845","",""
"image-295","train/angular_leaf_spot/angular_leaf_spot_train.248.jpg","","train","angular_leaf_spot","unreviewed","500","500","130010","cc922c19023bb5ea73bdeb68d9412376a9d5e4e6f7975c800a63dd42938ae726","ee2a77a7e3473519","91.65676306152343","854.1553367810211","",""
"image-296","train/angular_leaf_spot/angular_leaf_spot_train.249.jpg","","train","angular_leaf_spot","unreviewed","500","500","122023","472ab3e8d4622926cbb1d5fa0a8c5a5dafb2111b52fd53605ba1f86c571800a4","a38c161b0d0f1c1c","129.10605511474608","1156.4454671917829","",""
"image-297","train/angular_leaf_spot/angular_leaf_spot_train.25.jpg","","train","angular_leaf_spot","unreviewed","500","500","145475","97b009b8a49851caf0eb57303ca44a5aec1ded2261e6350cdef0b9f6c5d2e24f","5c9933031f37afab","79.21050665283202","636.594427086059","",""
"image-298","train/angular_leaf_spot/angular_leaf_spot_train.250.jpg","","train","angular_leaf_spot","unreviewed","500","500","121226","d0b7ef13726938a70ec6c11efca93df191325d3442f013d267c6e5d366603e60","1e1d0e028480848c","143.5649367675781","511.88361184271776","",""
"image-299","train/angular_leaf_spot/angular_leaf_spot_train.251.jpg","","train","angular_leaf_spot","unreviewed","500","500","129770","4b27fb1c653989f1f9d8b79d704fe1bb0cbd55b1d338718ccf2e7e931f50017e","0140880c85c5091a","166.32318041992187","921.5986334473533","",""
"image-300","train/angular_leaf_spot/angular_leaf_spot_train.252.jpg","","train","angular_leaf_spot","unreviewed","500","500","114786","d048c0d7d878677594f84b74c175df92a3c34219a99b2d1121af1010554c48df","cd0b0f0f0633373d","91.61485656738282","536.9265348207713","",""
"image-301","train/angular_leaf_spot/angular_leaf_spot_train.253.jpg","","train","angular_leaf_spot","unreviewed","500","500","130789","e610d1de89556e6376f8f48671fa7730846d025de916a0990fd129516cbdf91c","0e26060b0303973b","108.2014084472656","480.67129187650465","",""
"image-302","train/angular_leaf_spot/angular_leaf_spot_train.254.jpg","","train","angular_leaf_spot","unreviewed","500","500","129064","bc2060d01c776d41e294b49c5938032275e8ceb02ed17e7d5519a76cfb7dffc9","7363af3e7efedeff","122.23432653808592","1026.9222466747483","",""
"image-303","train/angular_leaf_spot/angular_leaf_spot_train.255.jpg","","train","angular_leaf_spot","unreviewed","500","500","124929","4126cbb1ed84bc2fbf011d65131fbf7bcc3245a6cdbc901bf8650af458af681d","2602090808008119","140.49789581298828","792.3358191805097","",""
"image-304","train/angular_leaf_spot/angular_leaf_spot_train.256.jpg","","train","angular_leaf_spot","unreviewed","500","500","114116","a7384a774edcb6fd96db943a3dfcf75a6c5db32893a4b4b27fe6869fad81aa99","0c0a0e0b03000207","145.32948944091797","620.6526019493081","",""
"image-305","train/angular_leaf_spot/angular_leaf_spot_train.257.jpg","","train","angular_leaf_spot","unreviewed","500","500","207057","9959ce314dae28e8282f33e9a60f01379b8a48c700df1665c5377997e4686d7a","1a381321034145ed","134.2449846191406","3165.0008350425346","",""
"image-306","train/angular_leaf_spot/angular_leaf_spot_train.258.jpg","","train","angular_leaf_spot","unreviewed","500","500","142194","b36742cc2fb1e9aba51d3dda85539faf08fa1ff2a90bfe571bd4a7742ad6fd31","228347032333db4f","82.38244543457031","937.8746414593488","",""
"image-307","train/angular_leaf_spot/angular_leaf_spot_train.259.jpg","","train","angular_leaf_spot","unreviewed","500","500","128633","6778814ca924f9cdb4cbb5be543373f4628f984e23f0e8a66def31efe227df9f","170707cf07d79d93","119.03093786621093","778.118710939621","",""
"image-308","train/angular_leaf_spot/angular_leaf_spot_train.26.jpg","","train","angular_leaf_spot","unreviewed","500","500","140228","9a4c5119fb66223055c471cda97be763523de267f78d580dd606c26eb78db0c2","4e0f0e0e262e3b0f","132.75737316894532","1054.3601703144066","",""
"image-309","train/angular_leaf_spot/angular_leaf_spot_train.260.jpg","","train","angular_leaf_spot","unreviewed","500","500","118398","0b609db75929b3971251a2abe834c858871774001c35afda9a8dffc166eeacb2","0f1f173b13171f0f","146.86809271240233","358.1701779303792","",""
"image-310","train/angular_leaf_spot/angular_leaf_spot_train.261.jpg","","train","angular_leaf_spot","unreviewed","500","500","124112","faedc5d69397c5c8d042c54797533c441a68d340c6fc19ab2b79abc345be0ccb","4b0f0f0706070c89","97.99274719238281","597.358729537289","",""
"image-311","train/angular_leaf_spot/angular_leaf_spot_train.262.jpg","","train","angular_leaf_spot","unreviewed","500","500","170346","f94d5f90eb17dbc8abc6cc4ac818bbdfa76dc250c44ded7fe3c1ce3b1017056b","3e3b29030787c321","144.0834730834961","1896.5776831814364","",""
"image-312","train/angular_leaf_spot/angular_leaf_spot_train.263.jpg","","train","angular_leaf_spot","unreviewed","500","500","137813","bd9bc1484fb214ef10cd99bc8ad64b832792a24d0c42257649dd0e34bae1eef1","884c0c041602d0f0","94.59701922607421","1061.9597548384531","",""
"image-313","train/angular_leaf_spot/angular_leaf_spot_train.264.jpg","","train","angular_leaf_spot","unreviewed","500","500","146389","321fb9648da2925636c9ed92393da3ec135830cf6f7cb561e37f6c3ee189d80a","8f060f0e1f0f8607","140.95177642822264","1122.9721346170838","",""
"image-314","train/angular_leaf_spot/angular_leaf_spot_train.265.jpg","","train","angular_leaf_spot","unreviewed","500","500","156029","79e6eb8b42799778557fee4e87d0a6369ee290f87e1251578da0180f3f344f09","1c0c0e0f0f0d0763","125.13548712158203","1184.3213594650501","",""
"image-315","train/angular_leaf_spot/angular_leaf_spot_train.266.jpg","","train","angular_leaf_spot","unreviewed","500","500","133940","cc47ef3e157477af814dd39e1e30212755fb7938db33841fb976c10357b3be85","20d9580b0b090ecd","92.28843206787108","1254.1689723591624","",""
"image-316","train/angular_leaf_spot/angular_leaf_spot_train.267.jpg","","train","angular_leaf_spot","unreviewed","500","500","161808","78451b1d9f8d60c09207b34af73465938810f496d57f6c25bc5dd4cadf256478","8c09090914100211","108.96627386474609","2189.910750211084","",""
"image-317","train/angular_leaf_spot/angular_leaf_spot_train.268.jpg","","train","angular_leaf_spot","unreviewed","500","500","114782","79578f78faf6a651c39524b6a4f40d4dd661d7fa3c8ebba21a7d2bcd8c721e1f","d9f9930f0f9f1f96","86.89143334960937","497.39042403772817","",""
"image-318","train/angular_leaf_spot/angular_leaf_spot_train.269.jpg","","train","angular_leaf_spot","unreviewed","500","500","116652","3518bb7c9e581b029bcf41ce7e040475d4d132795b02dfbdc573ea0f7e35eda4","377706070f1f1f0f","135.96589318847654","828.5181670403073","",""
"image-319","train/angular_leaf_spot/angular_leaf_spot_train.27.jpg","","train","angular_leaf_spot","unreviewed","500","500","121390","09da55b30be92bead268738f7e0cb121fbbe8c82702d17da2cb0f5c07bb8fe46","7e6f3f3f3f7f7979","142.98427642822267","664.766321252899","",""
"image-320","train/angular_leaf_spot/angular_leaf_spot_train.270.jpg","","train","angular_leaf_spot","unreviewed","500","500","163288","d1950f663498e38ad7636d3ac95dd01ee33973a8cc73a565d93e7b625938844b","8c8f870f7a7b5b0e","132.4228403930664","1624.0405733254854","",""
"image-321","train/angular_leaf_spot/angular_leaf_spot_train.271.jpg","","train","angular_leaf_spot","unreviewed","500","500","128389","fa093b97d564fb990e4943de8b73f1d13238f188e69dcea347f2f5a33b01ada4","191d1f070f2d2d4b","150.2527759399414","374.4107782041916","",""
"image-322","train/angular_leaf_spot/angular_leaf_spot_train.272.jpg","","train","angular_leaf_spot","unreviewed","500","500","131015","8166f3cb1a507880d12476c85f28dd914573de5d6581ac4e45f6d31dc3a43f73","1e1c0e07030e0e3a","90.58126354980467","681.5342029179624","",""
"image-323","train/angular_leaf_spot/angular_leaf_spot_train.273.jpg","","train","angular_leaf_spot","unreviewed","500","500","127566","d073282eba6a6b601e1cafa2c11bea3d412c090bd7d812b4e4ae4b5da6458805","2a12233313030666","112.45007745361328","555.5606165672057","",""
"image-324","train/angular_leaf_spot/angular_leaf_spot_train.274.jpg","","train","angular_leaf_spot","unreviewed","500","500","136255","8519b7c17b012778ece94af213601aa720c9033414628975b9129333e998fad6","434e06071f3e1c26","125.65141094970704","1070.9792714095777","",""
"image-325","train/angular_leaf_spot/angular_leaf_spot_train.275.jpg","","train","angular_leaf_spot","unreviewed","500","500","121141","a73912923ac73ce89eae3af0ccfde5814431b037926fe297ce765f06a089f1f8","0008039363626161","168.65760290527345","527.109316415684","",""
"image-326","train/angular_leaf_spot/angular_leaf_spot_train.276.jpg","","train","angular_leaf_spot","unreviewed","500","500","115381","c2696da83eed61f4f1c805d78fcb833aaed71578ec2adbd4a371c583d8519f8c","1f176366979dcf87","120.67515435791015","485.08346067521484","",""
"image-327","train/angular_leaf_spot/angular_leaf_spot_train.277.jpg","","train","angular_leaf_spot","unreviewed","500","500","121509","9eb546eefd570bee02d978198c52143331021381519b80f9d2c8568ccc713747","094e0f8f8e1c1999","115.22432696533203","542.2499558667835","",""
"image-328","train/angular_leaf_spot/angular_leaf_spot_train.278.jpg","","train","angular_leaf_spot","unreviewed","500","500","140488","62ca78fb12e9a953319cf532582fac47ef02bb998b422bce40770aea5a977c18","0f0f0f0737151f47","148.41491931152342","704.0985881828495","",""
"image-329","train/angular_leaf_spot/angular_leaf_spot_train.279.jpg","","train","angular_leaf_spot","unreviewed","500","500","120823","4e9541d878d436ce1705bd1d807f6cd1cb97699a98141d9921b6d77800d5d697","4f9f3f3f77676723","101.06575207519532","525.0972242961044","",""
"image-330","train/angular_leaf_spot/angular_leaf_spot_train.28.jpg","","train","angular_leaf_spot","unreviewed","500","500","122229","319dd166e0bacd72c41ac1d442221eadad9a16b41ada4f8c37b2831f36f158de","3c3d199d0d8e9c1d","132.7644623413086","567.2265100988101","",""
"image-331","train/angular_leaf_spot/angular_leaf_spot_train.280.jpg","","train","angular_leaf_spot","unreviewed","500","500","123661","4151119e41169da367777d9980e2e36372c632e0e254eb63e4fc78d2aa738652","0d8e1c9d9832923b","154.08557983398435","648.5881006871497","",""
"image-332","train/angular_leaf_spot/angular_leaf_spot_train.281.jpg","","train","angular_leaf_spot","unreviewed","500","500","141951","44025eb71fcb66fd3829bbc88ad76898b4212e0503f4e77807b23255449b6696","cf0f87c3c7c61219","137.65628051757812","759.203498448145","",""
"image-333","train/angular_leaf_spot/angular_leaf_spot_train.282.jpg","","train","angular_leaf_spot","unreviewed","500","500","159199","6955c6f63323139fc3493a84f7a2c9638ef12d8b6fb3e2075cdbcfade379b4b1","633d9d190c1a3366","143.38651599121093","1975.473656685997","",""
"image-334","train/angular_leaf_spot/angular_leaf_spot_train.283.jpg","","train","angular_leaf_spot","unreviewed","500","500","123328","4e688297fdfb769e9951dd62de2d4a06197784dab438b66dee86663ccbda53b5","3d0f8e9f3f3f3f3d","109.9120802001953","589.6999537218212","",""
"image-335","train/angular_leaf_spot/angular_leaf_spot_train.284.jpg","","train","angular_leaf_spot","unreviewed","500","500","123274","dcb07ff902b67948d9b7dcabaa9964670be617251332780ee8b54d84f4c15290","57460f1f3e3f4e51","137.54241107177734","609.0320464713897","",""
"image-336","train/angular_leaf_spot/angular_leaf_spot_train.285.jpg","","train","angular_leaf_spot","unreviewed","500","500","93425","5054fc4fe771324823ceacc28966c8fc271ca919f7a2a83c0f3f2f1fbe722984","0b27071f736149d9","161.30100457763672","215.4578364020873","",""
"image-337","train/angular_leaf_spot/angular_leaf_spot_train.286.jpg","","train","angular_leaf_spot","unreviewed","500","500","112023","deca64fddf94e90e3200ec4ed97a73d3ece734cb86cd3076f53d0fd6b157019b","1207078f8f9f87ce","140.4579393310547","357.0981018260836","",""
"image-338","train/angular_leaf_spot/angular_leaf_spot_train.287.jpg","","train","angular_leaf_spot","unreviewed","500","500","108550","e4cf999578a4649b9219df35232b0c754cd9ba04136111e9ab37aa76bc73adeb","8c0747c7c7872707","134.96376513671873","894.0570824439477","",""
"image-339","train/angular_leaf_spot/angular_leaf_spot_train.288.jpg","","train","angular_leaf_spot","unreviewed","500","500","129384","5fa05b0724dd193991c0317b68dde5545a957dee23da9cd38663edc90cae57fe","377f5f1f1f1b1bb1","125.53244732666015","842.1425228725467","",""
"image-340","train/angular_leaf_spot/angular_leaf_spot_train.289.jpg","","train","angular_leaf_spot","unreviewed","500","500","123007","84f79bde3ee88a3f7e227ec2ac6befddb7358b0592fc735a2df3276a30463307","331313878fcfc945","93.76383801269532","807.9002455918272","",""
"image-341","train/angular_leaf_spot/angular_leaf_spot_train.29.jpg","","train","angular_leaf_spot","unreviewed","500","500","151373","eba3f29d3937e7460123c5e91558c60e8ffef8d69239bd38dbb5887a9973d0ae","68693507030f0f5e","146.8770362548828","1619.2369621393016","",""
"image-342","train/angular_leaf_spot/angular_leaf_spot_train.290.jpg","","train","angular_leaf_spot","unreviewed","500","500","197250","ace76aef676e711b65094f56d11dffcaf4abc9982aa4263a32cfa3a2dcac9aa1","1f3f657303c30b0b","126.64636169433592","1922.1199453384684","",""
"image-343","train/angular_leaf_spot/angular_leaf_spot_train.291.jpg","","train","angular_leaf_spot","unreviewed","500","500","101024","406525bb0ed2913bbf952cba50623f6fe925bea876631fee8ff34fdf1475cd29","2b2f0f1f3f37579f","116.74497613525389","343.8594917766202","",""
"image-344","train/angular_leaf_spot/angular_leaf_spot_train.292.jpg","","train","angular_leaf_spot","unreviewed","500","500","166561","999cbafa1b9ba169f39fc0ca4e975762bba155ec35107d58ae7647a60990a6e4","6a0e672f0f431343","142.71484979248044","1529.3010654978184","",""
"image-345","train/angular_leaf_spot/angular_leaf_spot_train.293.jpg","","train","angular_leaf_spot","unreviewed","500","500","174855","42b19deb997d506f7c5486e63295b5b7da9c9f35a97ec09472a614aef77068a3","0e2f276f67af0f0e","142.9104330444336","1287.4521643695355","",""
"image-346","train/angular_leaf_spot/angular_leaf_spot_train.294.jpg","","train","angular_leaf_spot","unreviewed","500","500","147162","0f77202b32f21c48978787eee6e76639a5c2f79837c839bad0b341d51afa0de3","b78b4e4fdcd404cc","135.52958905029294","1107.982988305786","",""
"image-347","train/angular_leaf_spot/angular_leaf_spot_train.295.jpg","","train","angular_leaf_spot","unreviewed","500","500","107113","e2121ee5a7a6e90acedee1fb72ab3e2fd5970f8814580776064f50386fa9088b","0f0f0e0f079657c3","164.147775390625","286.0685338642397","",""
"image-348","train/angular_leaf_spot/angular_leaf_spot_train.296.jpg","","train","angular_leaf_spot","unreviewed","500","500","137008","885e29b2d45e617a2489eb37f3b8d46010bfffd2e45fe7269e9d2cdfd9197037","780c83830383d7d9","99.92197918701171","773.1415633285562","",""
"image-349","train/angular_leaf_spot/angular_leaf_spot_train.297.jpg","","train","angular_leaf_spot","unreviewed","500","500","127110","0eea30b7325dc6a634f771465a15726dd6c7deca84d4e30d31eeb023fa1053cf","1303070707830100","168.23031854248046","457.9933020382268","",""
"image-350","train/angular_leaf_spot/angular_leaf_spot_train.298.jpg","","train","angular_leaf_spot","unreviewed","500","500","122523","0952c5dce2434b903b34feed62b95e6a579c2189326d8ab93626947937feec67","0307070707070647","134.50818713378905","914.7620934114091","",""
"image-351","train/angular_leaf_spot/angular_leaf_spot_train.299.jpg","","train","angular_leaf_spot","unreviewed","500","500","130237","3a97968ddc28a05e0e430b9fcfc57f5774504b4cffde69476ded896e42491453","1f0f87031b170f0f","139.2701608276367","899.7586341453923","",""
"image-352","train/angular_leaf_spot/angular_leaf_spot_train.3.jpg","","train","angular_leaf_spot","unreviewed","500","500","93474","efc1a74cbbee8be2b14a4f9859f086c34d511e16c6509c7ee22b066ec9505e5a","4707070f0f0fefce","109.49174938964843","526.4769993500003","",""
"image-353","train/angular_leaf_spot/angular_leaf_spot_train.30.jpg","","train","angular_leaf_spot","unreviewed","500","500","140510","af14b96a93c2cc886036bba9d85def771240dcebbb745dc3964518120e3832fa","9c4e0e0d89184e8e","138.42617749023435","955.8662666672283","",""
"image-354","train/angular_leaf_spot/angular_leaf_spot_train.300.jpg","","train","angular_leaf_spot","unreviewed","500","500","151535","4862342caec1afd7838305b75769d522d8906c3ab5afb6b328e24dd2f929fa12","9c8d0f3f1d032aca","124.30971997070313","1903.9347444395087","",""
"image-355","train/angular_leaf_spot/angular_leaf_spot_train.301.jpg","","train","angular_leaf_spot","unreviewed","500","500","116169","a606b68f84c66608b6a0820d34ad4cfb82de5c167bba48713542fdb6dc79de59","2e4f0b13130b8767","90.49947393798828","378.50318292729014","",""
"image-356","train/angular_leaf_spot/angular_leaf_spot_train.302.jpg","","train","angular_leaf_spot","unreviewed","500","500","151877","18d2811c66934ed5c5190d94a7b9029a86deea9a2d737e6a1719736502ab97c4","9d9f1f3e262e694f","119.41253533935546","1394.055601067954","",""
"image-357","train/angular_leaf_spot/angular_leaf_spot_train.303.jpg","","train","angular_leaf_spot","unreviewed","500","500","125896","df0e0f7f4569a82fb8e83ed0c83b29dd8afb4596abf11b7d41481ede7f24382d","371f1f0f0f06a4ec","69.54811273193359","758.7451588187059","",""
"image-358","train/angular_leaf_spot/angular_leaf_spot_train.304.jpg","","train","angular_leaf_spot","unreviewed","500","500","121310","652c545310b7becbfcd65669414f29ac2a4b50d80580652f6950d6b18748413b","8687850f1f86046b","107.13911724853516","593.0835372196301","",""
"image-359","train/angular_leaf_spot/angular_leaf_spot_train.305.jpg","","train","angular_leaf_spot","unreviewed","500","500","151958","93e1dfbf531b0d1c4d6e28f637b8d07acde511e4f2e5f5c3fd40bac82d90d181","8e07070903070705","131.62318060302732","1423.1438321654534","",""
"image-360","train/angular_leaf_spot/angular_leaf_spot_train.306.jpg","","train","angular_leaf_spot","unreviewed","500","500","146644","070e7bbd6f42511c9e90f2af7f1f2cc4802b8548fac30b4c49049b233ace1d8f","3637164f8f4f4d4c","107.32508782958985","1487.422411581742","",""
"image-361","train/angular_leaf_spot/angular_leaf_spot_train.307.jpg","","train","angular_leaf_spot","unreviewed","500","500","135321","b48fcb80f9d01bcfa48767e7a628493f598e38bf0b3f34464f81f069eeacb260","8dcdc9d9c1c78f45","111.7790440673828","812.4269339542786","",""
"image-362","train/angular_leaf_spot/angular_leaf_spot_train.308.jpg","","train","angular_leaf_spot","unreviewed","500","500","190468","d74773abc9b23e97be6c3554de57cdf0355ef11967b51146050f4591ea417b41","38b9372f0f0f0f07","139.11048663330075","2084.0766308443226","",""
"image-363","train/angular_leaf_spot/angular_leaf_spot_train.309.jpg","","train","angular_leaf_spot","unreviewed","500","500","140337","f690b8da78638879253dedfd4529e523eda76aff00519a4806ea0c1c6e93dfb3","674f0f0f4f4f6be3","130.08766552734374","1032.3073667132826","",""
"image-364","train/angular_leaf_spot/angular_leaf_spot_train.31.jpg","","train","angular_leaf_spot","unreviewed","500","500","143932","8400130bdea439d3fb81225974aa753cfbea4d299ae46b89f53de96545030f86","0767679f371f1f1f","140.5968594970703","738.723188498854","",""
"image-365","train/angular_leaf_spot/angular_leaf_spot_train.310.jpg","","train","angular_leaf_spot","unreviewed","500","500","119078","506853d1934f5474a46710cf3e7bf96dadd01b0fba571f9ff4fa9d2afb5ae03d","cf0f0f1713034360","147.4815842285156","617.0296540856988","",""
"image-366","train/angular_leaf_spot/angular_leaf_spot_train.311.jpg","","train","angular_leaf_spot","unreviewed","500","500","123791","d5438c4bce7ff440af9d06704296c4882566eb7244ff7c378606c37d1b1ca92f","270eaf0f1f379e63","139.9716957397461","697.8438869489755","",""
"image-367","train/angular_leaf_spot/angular_leaf_spot_train.312.jpg","","train","angular_leaf_spot","unreviewed","500","500","126670","3a989cab40edb9f1f6ff7a8a38f3e9916482140cf2b102120598fab7ad9fb2f5","5c190e2ec1c140a1","117.2981646118164","1493.947270805085","",""
"image-368","train/angular_leaf_spot/angular_leaf_spot_train.313.jpg","","train","angular_leaf_spot","unreviewed","500","500","133136","8612651a18a3d9a3dbb6136caf6bd1a04eab4ec877d8bcf3eb9a3fd10792930a","bc73e797d78fd7a4","114.66224963378906","1375.3413037813655","",""
"image-369","train/angular_leaf_spot/angular_leaf_spot_train.314.jpg","","train","angular_leaf_spot","unreviewed","500","500","139062","b366e0572a01fe47fe31b5c73b9a99e83f454525693236feecf23d31eeb4823c","2667070f0f3ba4a6","155.6752243041992","446.3798482093735","",""
"image-370","train/angular_leaf_spot/angular_leaf_spot_train.315.jpg","","train","angular_leaf_spot","unreviewed","500","500","106266","97614eb2ed5e9dc300826fce56e46847bab3d7a9276c9bbfa96c941949519426","0303070706840404","106.28996850585936","195.27401037098568","",""
"image-371","train/angular_leaf_spot/angular_leaf_spot_train.316.jpg","","train","angular_leaf_spot","unreviewed","500","500","113281","de84beaf95d57ea4e7f188432151027455a8704fabdefe150b23c28150dc04a4","0b1e1e1e0e1e9bd9","110.28404901123046","467.9868820221739","",""
"image-372","train/angular_leaf_spot/angular_leaf_spot_train.317.jpg","","train","angular_leaf_spot","unreviewed","500","500","131471","50748da58a149cdad0b87d894e6bece6d1ef58020d5336546ead30dfbccd6a57","438b8f879f072331","74.49578155517577","779.1476701109937","",""
"image-373","train/angular_leaf_spot/angular_leaf_spot_train.318.jpg","","train","angular_leaf_spot","unreviewed","500","500","118737","9059c15ce1b73ca3e8a1536fed4796ccb8e736860b9e56acfabd3786f99bd39f","da7b1919998ba333","140.5082257080078","547.5322862798306","",""
"image-374","train/angular_leaf_spot/angular_leaf_spot_train.319.jpg","","train","angular_leaf_spot","unreviewed","500","500","142172","63b69f9eb430d81bc52bfaa440ad41d448c102d794a5a44c1106d53740060ca0","0ece0e1e1e1f1b15","130.51396813964843","1302.6203142300799","",""
"image-375","train/angular_leaf_spot/angular_leaf_spot_train.32.jpg","","train","angular_leaf_spot","unreviewed","500","500","138296","7070eeee389fd6e9bbc5df1dd3d299133b61c3271486ae3671c50e632c3e74db","1b230e1e7f67474f","141.31031274414062","766.1667237139433","",""
"image-376","train/angular_leaf_spot/angular_leaf_spot_train.320.jpg","","train","angular_leaf_spot","unreviewed","500","500","153296","ae28d61aeca0bcb109b33c77598591794dba622a246726d5871a9af8d408aca0","850707130b03c5e7","132.8625988769531","980.1083224654043","",""
"image-377","train/angular_leaf_spot/angular_leaf_spot_train.321.jpg","","train","angular_leaf_spot","unreviewed","500","500","115127","60d5aa593ba66580857a12908a36aec2ce0c2c390e7a013776e8d27470139d5e","8787838181870f09","99.85781982421875","430.4989317704792","",""
"image-378","train/angular_leaf_spot/angular_leaf_spot_train.322.jpg","","train","angular_leaf_spot","unreviewed","500","500","128008","46cb202e2495508cbb2c37c92f01f8f43f574c503ae5fd88651eeee319b97e54","0f0f576347bf3f3f","122.59911920166016","720.587186191567","",""
"image-379","train/angular_leaf_spot/angular_leaf_spot_train.323.jpg","","train","angular_leaf_spot","unreviewed","500","500","179801","ddd589c72e7af942fbfffd31c57577af3b5a43b7d876010b7a06e58f5895ec4a","319c1d1d1f3b1f07","133.3457938232422","1560.3948354442437","",""
"image-380","train/angular_leaf_spot/angular_leaf_spot_train.324.jpg","","train","angular_leaf_spot","unreviewed","500","500","125265","a298977cbbf5b7b86cd98264ebfbef4100cfca012f7d5c1c7c70ea10c5d412c3","0d8f8f36372f1f1b","124.31980383300781","525.0173554447027","",""
"image-381","train/angular_leaf_spot/angular_leaf_spot_train.325.jpg","","train","angular_leaf_spot","unreviewed","500","500","147553","b5b493715157f57cba7dd8695af3e43772cf5520cfc3b91267b3d3efb48f7151","a819383938385019","117.98345904541014","1477.70036880506","",""
"image-382","train/angular_leaf_spot/angular_leaf_spot_train.326.jpg","","train","angular_leaf_spot","unreviewed","500","500","131389","5b29a0caf963b9c0db15212f3e5cde690e44e146c421743d2090e5d72e4a4092","3e9f1f1f1f1f1fde","110.94442358398436","862.5690846786541","",""
"image-383","train/angular_leaf_spot/angular_leaf_spot_train.327.jpg","","train","angular_leaf_spot","unreviewed","500","500","121333","91631966fdb4cee9e485cb63350f0b1b7c9756911fce24a02c029f214fe76d10","0b070f0f63612dcd","128.60675762939454","438.9360820778318","",""
"image-384","train/angular_leaf_spot/angular_leaf_spot_train.328.jpg","","train","angular_leaf_spot","unreviewed","500","500","115838","94db3cf58884ff83e34b2199e523fa2431fb9df14b1c43b9f31397560e91a623","be220f1f1f1f3a32","74.49392175292968","694.5750321231585","",""
"image-385","train/angular_leaf_spot/angular_leaf_spot_train.329.jpg","","train","angular_leaf_spot","unreviewed","500","500","122950","f8c4ac366b3d2a08ea3f007d747f715820b5825254060f44915dab243088d456","5b470f0f1d1f9f37","140.5047810668945","614.4565306643358","",""
"image-386","train/angular_leaf_spot/angular_leaf_spot_train.33.jpg","","train","angular_leaf_spot","unreviewed","500","500","130090","8f623334b69c6774f80092d7159dc5757c4863796ca189c94ee4dee609b21656","fe3ede9f1f1f1e0f","114.9912944946289","1178.0653319184144","",""
"image-387","train/angular_leaf_spot/angular_leaf_spot_train.330.jpg","","train","angular_leaf_spot","unreviewed","500","500","173835","935541fab0b28167ad7f81383d677ae6c9d85e44ae47d2d4a1b64559137967ce","1c1d3c362e296729","136.6327380981445","1558.6291758362274","",""
"image-388","train/angular_leaf_spot/angular_leaf_spot_train.331.jpg","","train","angular_leaf_spot","unreviewed","500","500","128327","d2f04ed3ff067955a1b79080bc84a184879a7621ef952d3dc712dcc45261417a","838c0c070f4f6e0f","87.4205906982422","1147.0405886504295","",""
"image-389","train/angular_leaf_spot/angular_leaf_spot_train.332.jpg","","train","angular_leaf_spot","unreviewed","500","500","188980","4b39832229709f89cb8705d7be5318006cd9fc710fa5412ac36a6bbf97428d8d","efdb8f8f4f4f676d","133.30979705810546","1984.5538229177328","",""
"image-390","train/angular_leaf_spot/angular_leaf_spot_train.333.jpg","","train","angular_leaf_spot","unreviewed","500","500","145998","4bf63fae233879aee44cc7b88c735d04b9865210f6f624b2fd190f30e867ef8f","879f1f323b6d6dcf","114.27823321533202","661.1599522834736","",""
"image-391","train/angular_leaf_spot/angular_leaf_spot_train.334.jpg","","train","angular_leaf_spot","unreviewed","500","500","110761","5df2931ad19aaf4f46c3d4882f5f1a75ed88f645fced5c66ce90109a834d5828","77060717174b6faf","142.69367431640626","473.08458419911176","",""
"image-392","train/angular_leaf_spot/angular_leaf_spot_train.335.jpg","","train","angular_leaf_spot","unreviewed","500","500","121134","6e86873c5dacccd3a645b2d4e7974befee08a044f1da8ac50439023081b28e1c","182c070f0b0f0e3d","112.13458056640624","623.5812252813945","",""
"image-393","train/angular_leaf_spot/angular_leaf_spot_train.336.jpg","","train","angular_leaf_spot","unreviewed","500","500","121757","24771b17ceb4744c00770c0198cf817b7b53be110bc8c95f167e4d205c1898f6","490d8f054c464e99","127.97168353271485","811.3292307926118","",""
"image-394","train/angular_leaf_spot/angular_leaf_spot_train.337.jpg","","train","angular_leaf_spot","unreviewed","500","500","151033","8d70abb10bfa9559193f38a92498b4d2a83f5a2afaef24ce81a819720f63582e","1d37c70b0b0f0d99","119.6497681274414","1048.788128610617","",""
"image-395","train/angular_leaf_spot/angular_leaf_spot_train.338.jpg","","train","angular_leaf_spot","unreviewed","500","500","160389","ab8eb41b60ee9747ece3a45a31d7fc6cd4a3c5b62dd92546cbe35c7c5f594cdd","e9f4662323270f9c","133.1610227661133","1401.5160621135606","",""
"image-396","train/angular_leaf_spot/angular_leaf_spot_train.339.jpg","","train","angular_leaf_spot","unreviewed","500","500","151333","0f2bc26ca787f0ad8fdb2a03e8d59e05ff38bddeaaf7e15d71cb5e6da02e326e","2f8f07070f171706","130.14997119140625","1580.1146919074029","",""
"image-397","train/angular_leaf_spot/angular_leaf_spot_train.34.jpg","","train","angular_leaf_spot","unreviewed","500","500","112585","5806815f5d75edf3dd6711afd74488e7a30d50d1134cea56800c1b3ed1f005d0","df9f33f3f3b33ecc","123.60687615966796","206.90270276360232","",""
"image-398","train/angular_leaf_spot/angular_leaf_spot_train.340.jpg","","train","angular_leaf_spot","unreviewed","500","500","134903","7203f4e17c4c6b5395bea0a36983830bf4b7aa012e07eefea3568cce9a4b6df4","1f1f0e07273431a5","165.6481651611328","512.3344941021775","",""
"image-399","train/angular_leaf_spot/angular_leaf_spot_train.341.jpg","","train","angular_leaf_spot","unreviewed","500","500","135269","63c4db5dc81f206223279accd0035e6e61b4d69a438512123b0878a91f6e81af","1a0f0f0a1d0d0e4b","150.04594042968748","1972.894582290005","",""
"image-400","train/angular_leaf_spot/angular_leaf_spot_train.342.jpg","","train","angular_leaf_spot","unreviewed","500","500","136136","7f3c8affdd94e73ebf933cb8716d1e7a92f328387554c1c590d79bcb0a4b9eb8","33260f0f1f1f0ea3","159.43134936523435","866.0444715796016","",""
"image-401","train/angular_leaf_spot/angular_leaf_spot_train.343.jpg","","train","angular_leaf_spot","unreviewed","500","500","157474","4d1efb4afb952351d3ca06f7d4a7da9fe42054b49684ffb7cf234d680b65748b","67668f8f0e0e4b6b","143.7687404785156","1465.7174685894647","",""
"image-402","train/angular_leaf_spot/angular_leaf_spot_train.344.jpg","","train","angular_leaf_spot","unreviewed","500","500","122676","c355f2f221b177d683a820541fa7bd64fbda156be47de3f3fdc38cda8c44b67d","20098014840c1c0c","120.94956921386719","790.8708472062993","",""
"image-403","train/angular_leaf_spot/angular_leaf_spot_train.35.jpg","","train","angular_leaf_spot","unreviewed","500","500","155852","2302452ccf22e22028bbab9308dd96120af7e6692bd2058364ebddb0a287e6a2","050733336662cacf","146.51056774902344","1173.6827259922366","",""
"image-404","train/angular_leaf_spot/angular_leaf_spot_train.36.jpg","","train","angular_leaf_spot","unreviewed","500","500","169405","a84e53c5307e672b6fe21d66cdf79ce42162500d1505b4792dc2aa5c3f9e6994","0809050c0e4e2ea7","111.29114270019531","2275.065550106804","",""
"image-405","train/angular_leaf_spot/angular_leaf_spot_train.37.jpg","","train","angular_leaf_spot","unreviewed","500","500","117126","85a94a893650433e8e8fd2a1c8763a60bea9e1aa9614be13d9f98a5a46768b22","3f3d03074f8f0f6f","100.02643847656249","385.84483780299325","",""
"image-406","train/angular_leaf_spot/angular_leaf_spot_train.38.jpg","","train","angular_leaf_spot","unreviewed","500","500","142152","c5d9fa2d3ae92b5e063f5fa9e0ec40070eeb50a617eeab662bfbcc0994565eab","0193771ffff7e3f3","127.34178936767579","1634.8510736627902","",""
"image-407","train/angular_leaf_spot/angular_leaf_spot_train.39.jpg","","train","angular_leaf_spot","unreviewed","500","500","136385","ef86c663d8331fe0c9b0bb952879ca1b2d2c091fe79697cd86bb8ded6f9b0119","24303c0c0e2d1b5b","142.2742003173828","1039.4452425011075","",""
"image-408","train/angular_leaf_spot/angular_leaf_spot_train.4.jpg","","train","angular_leaf_spot","unreviewed","500","500","100251","623e775d0fc65f1efedefca05ddf6666128cfa8c61940123c3bc6ef6c1448413","5d8e8e07075f5f77","125.7650283203125","349.1300770621181","",""
"image-409","train/angular_leaf_spot/angular_leaf_spot_train.40.jpg","","train","angular_leaf_spot","unreviewed","500","500","158384","65ba8fccb96e21ab2321d4d8f14a467da84f3b6bfe0b1deb13504c0cebe038da","7b3b1f5e3f3f3f3a","109.29682849121093","1601.0610041161078","",""
"image-410","train/angular_leaf_spot/angular_leaf_spot_train.41.jpg","","train","angular_leaf_spot","unreviewed","500","500","119658","a442ec7a60244732a1007ea6d5cb52cd7a828614f956de95fa3c1b7db606ab04","050f1b1d0b431313","135.82745147705077","549.8972038476272","",""
"image-411","train/angular_leaf_spot/angular_leaf_spot_train.42.jpg","","train","angular_leaf_spot","unreviewed","500","500","151555","99b72d2ed549b95d95d35802d2ce6f445646118943db050c170745ae5df882f3","0f0f1d1d3b070d4c","141.52292224121092","646.4576800499332","",""
"image-412","train/angular_leaf_spot/angular_leaf_spot_train.43.jpg","","train","angular_leaf_spot","unreviewed","500","500","110277","f011be50d86fb494b88d0ad2862fd52e732e56fd9e99874210f6ef1b57a27406","6e2394ce0d2f1f8b","122.4359439086914","378.57513406719255","",""
"image-413","train/angular_leaf_spot/angular_leaf_spot_train.44.jpg","","train","angular_leaf_spot","unreviewed","500","500","156592","0ad7d5e8dfa8a2bf4f9a4893468879bb5fa12d5bd1eb840355fe455778ae04fe","744b8f2e9da76f2d","108.28254437255859","2266.1153269441415","",""
"image-414","train/angular_leaf_spot/angular_leaf_spot_train.45.jpg","","train","angular_leaf_spot","unreviewed","500","500","125824","7783d94091b81bb2d9672054d6d7c7bf3d690bf8908631c742e6abbe549ee621","1d33070f0f1f1e1c","68.20034619140625","795.2086559280478","",""
"image-415","train/angular_leaf_spot/angular_leaf_spot_train.46.jpg","","train","angular_leaf_spot","unreviewed","500","500","168987","5ea1b0e8935ddc023582cbb88e152bd52a1c6284dc203617215993c2e3d0f183","13070f8607078785","126.55393127441405","1228.4647342582473","",""
"image-416","train/angular_leaf_spot/angular_leaf_spot_train.47.jpg","","train","angular_leaf_spot","unreviewed","500","500","101727","9041b694d35490043ea21d77b6e81c199bd63fe5606d3a2ae3b564dab7813e5b","1c260f0f079b0301","101.9944034423828","180.42446532869715","",""
"image-417","train/angular_leaf_spot/angular_leaf_spot_train.48.jpg","","train","angular_leaf_spot","unreviewed","500","500","105995","bf7bc5ce17986a55c0d28e70213c0baeabe3eebb5ab2ab8c52d7208db32a7219","92a38f0f0fbfbd39","129.81316772460937","514.3957206954925","",""
"image-418","train/angular_leaf_spot/angular_leaf_spot_train.49.jpg","","train","angular_leaf_spot","unreviewed","500","500","130923","d97aacd29d80ec929ee520e40600fd7335d60fd6042f692d36418152ea9e6fb4","ce9f8e8c1e1e9ec4","98.4042114868164","1263.9934351769784","",""
"image-419","train/angular_leaf_spot/angular_leaf_spot_train.5.jpg","","train","angular_leaf_spot","unreviewed","500","500","118774","5d14c496c4b047621839c63140571d06b04526d5cfd7c8151c11e42d0104ca6a","03810004080a0321","120.13420123291014","677.2246979594793","",""
"image-420","train/angular_leaf_spot/angular_leaf_spot_train.50.jpg","","train","angular_leaf_spot","unreviewed","500","500","143413","75ff5a0d67c8d350ccbac5a5338b9a188ec949fc90cfed0ec5f5b7e2e70647f5","4f1f7fff5fd78787","137.17200091552735","717.0460178002849","",""
"image-421","train/angular_leaf_spot/angular_leaf_spot_train.51.jpg","","train","angular_leaf_spot","unreviewed","500","500","135826","2a2ef2581c971dae8a710f36b8c8765c960b9b8d42c2d622ed8eae877cdb9cda","8f07173f13134ece","135.1412919921875","515.1794228493795","",""
"image-422","train/angular_leaf_spot/angular_leaf_spot_train.52.jpg","","train","angular_leaf_spot","unreviewed","500","500","122759","75c519bb8847215f0a849e7eb9ae9717e7b1686393381b76bcf9749d5fe402e2","3f2d2fefeed6bfff","126.19449005126953","413.38885244625675","",""
"image-423","train/angular_leaf_spot/angular_leaf_spot_train.53.jpg","","train","angular_leaf_spot","unreviewed","500","500","107443","dd1af71d552147c20c1f28d83f496c3d73df0c1d2c27f64a1ec6284db80610e4","8f0f1bce06a2e0c1","106.66862139892578","656.1543842317612","",""
"image-424","train/angular_leaf_spot/angular_leaf_spot_train.54.jpg","","train","angular_leaf_spot","unreviewed","500","500","116660","24776b8066fade1c4521dedbde15ca5b28ebf46780049a80e6b62c8617c3cbfe","87031351119197d7","127.62569323730469","576.1375559022881","",""
"image-425","train/angular_leaf_spot/angular_leaf_spot_train.55.jpg","","train","angular_leaf_spot","unreviewed","500","500","112165","280d650c3b00722edd2dd7a13a9fd5bcde8361dbe831470f236c8d97b2309975","5bdf973333333337","112.09450567626952","165.67333395291826","",""
"image-426","train/angular_leaf_spot/angular_leaf_spot_train.56.jpg","","train","angular_leaf_spot","unreviewed","500","500","137982","13a0aef454df480b25e57629994569aae6302b2dcd3bea63eb10751d09a28c54","ef4747071f1f0727","137.57308984375","665.8147178208169","",""
"image-427","train/angular_leaf_spot/angular_leaf_spot_train.57.jpg","","train","angular_leaf_spot","unreviewed","500","500","168193","8a26664c950ec8d5909f847e07f5cbb9ccfede3e8e3e0dba52d85af93035ba9a","1f47070703878101","121.63616534423828","2277.6258769997785","",""
"image-428","train/angular_leaf_spot/angular_leaf_spot_train.58.jpg","","train","angular_leaf_spot","unreviewed","500","500","146131","71af2f9d040483358ae83e206d114c20d879c3b4bbeada8054f6f710d22dce7c","870e0f0f1f3f1959","153.78643365478513","1229.1058239127974","",""
"image-429","train/angular_leaf_spot/angular_leaf_spot_train.59.jpg","","train","angular_leaf_spot","unreviewed","500","500","168023","248215c2b0a4c3e5d1faa529d835f6233839eed4baa52177e6ec75379367816a","66181d7c795dfc78","139.0736297607422","1789.4862933934626","",""
"image-430","train/angular_leaf_spot/angular_leaf_spot_train.6.jpg","","train","angular_leaf_spot","unreviewed","500","500","120955","b213005e92815c6004503f73424750b999e4ef7863857c61ef813c8e413664b8","5f1f0f170f9d9796","96.85645379638672","569.7768948479151","",""
"image-431","train/angular_leaf_spot/angular_leaf_spot_train.60.jpg","","train","angular_leaf_spot","unreviewed","500","500","167401","cf9095f4e8b8aa86d140c54f1fef3bbea1e26bc782829cb6e7e6c22460ab729b","9327068303030f4f","95.41991015624998","1151.4055854484532","",""
"image-432","train/angular_leaf_spot/angular_leaf_spot_train.61.jpg","","train","angular_leaf_spot","unreviewed","500","500","102031","cc530e6bc3a58f52935bb9afbfd2e7a3fb285d23db556d51cadf78f3345c06ce","2b0f8d8607070fcb","103.82235815429686","364.9346304255727","",""
"image-433","train/angular_leaf_spot/angular_leaf_spot_train.62.jpg","","train","angular_leaf_spot","unreviewed","500","500","143227","ad6a8ff272b10b30f88d811f89fe40daeb22555bc4ccff328f92cf73e77a6d80","1d2f070f8e024421","148.91398358154296","1500.1870290053437","",""
"image-434","train/angular_leaf_spot/angular_leaf_spot_train.63.jpg","","train","angular_leaf_spot","unreviewed","500","500","122489","d1c0ca56f49181fc9c75a709cb0c8d9a4547a54d17fc085e8ec55bae19dbd077","c060f0c065054503","135.773904296875","1358.4993116621997","",""
"image-435","train/angular_leaf_spot/angular_leaf_spot_train.64.jpg","","train","angular_leaf_spot","unreviewed","500","500","139493","d475a72575ea2becd360842a5b96f0209cef077496441838b0f58942f3785a42","474e06170f1e4e4b","129.89552148437497","977.5161927827837","",""
"image-436","train/angular_leaf_spot/angular_leaf_spot_train.65.jpg","","train","angular_leaf_spot","unreviewed","500","500","109855","e60cdb7ca7069f0a7f1ee6ae5a1119036d0d25f27f724f6eec7e7064ecaea48c","7eff751d4b4163d7","135.21299896240234","351.47538990181164","",""
"image-437","train/angular_leaf_spot/angular_leaf_spot_train.66.jpg","","train","angular_leaf_spot","unreviewed","500","500","124541","06db08e2910fea4ad68a80bc8d7094ce841f7653c02a72f1809c15bbcf32183f","4f371f9d1c1c8e95","165.8773543701172","626.2674279353857","",""
"image-438","train/angular_leaf_spot/angular_leaf_spot_train.67.jpg","","train","angular_leaf_spot","unreviewed","500","500","115137","8989303935c1a311a0c2cace7a562430a753d88effa609f62a93110bec7a02ff","1f8f0e0f17634fcf","143.85145874023436","430.8855296122649","",""
"image-439","train/angular_leaf_spot/angular_leaf_spot_train.68.jpg","","train","angular_leaf_spot","unreviewed","500","500","146314","a3ea8e6dd3cf5f92a98a4ad931c84a7d10c8c75f880429ad220d5be4ab4905a6","160f0797170f0d0e","117.28738482666014","1157.3279823010057","",""
"image-440","train/angular_leaf_spot/angular_leaf_spot_train.69.jpg","","train","angular_leaf_spot","unreviewed","500","500","145253","0cb0bae147f9e5623abe62f44ad34528f6dde3d658f2fd5b2d980b4a33daa5e4","390f0f37270f179f","123.9273588256836","1292.5280492295956","",""
"image-441","train/angular_leaf_spot/angular_leaf_spot_train.7.jpg","","train","angular_leaf_spot","unreviewed","500","500","156417","97061c6f34b84919b74b4d5183de698975f91f36d8554bfa4b0d8dd7d8a7f627","0fc69713171796d0","117.69564447021484","1912.9480922042378","",""
"image-442","train/angular_leaf_spot/angular_leaf_spot_train.70.jpg","","train","angular_leaf_spot","unreviewed","500","500","191972","c54678a7b7cd8985e80c3b4dffc06cc5355d1d917534d1026f565f4f0ca1d672","ed0f470f4fc51e36","121.20436505126953","2798.8080488269843","",""
"image-443","train/angular_leaf_spot/angular_leaf_spot_train.71.jpg","","train","angular_leaf_spot","unreviewed","500","500","123440","a09138e58ad855263b2e1d602b3b6958c77f367f7a36cc2e151a17273335f7fd","4c8e383080ac9c12","114.95901287841795","368.7976068212339","",""
"image-444","train/angular_leaf_spot/angular_leaf_spot_train.72.jpg","","train","angular_leaf_spot","unreviewed","500","500","139506","978bafabec13e384945cfc92edc52fe8f7c83c1606160dd1d96db2bbd8bb03ce","1d8e9b9793834b99","125.28754760742187","1046.734106184228","",""
"image-445","train/angular_leaf_spot/angular_leaf_spot_train.73.jpg","","train","angular_leaf_spot","unreviewed","500","500","125277","1f7f2880a8cf8c82c27a85d22f0eaf9c7b631123ea22bcdb76838f31d4966530","1cca4e07031b8b8f","140.99025506591795","560.5987679738421","",""
"image-446","train/angular_leaf_spot/angular_leaf_spot_train.74.jpg","","train","angular_leaf_spot","unreviewed","500","500","143714","3d5bed0a7270f24714c8d1f21008e6a7117f0d31ea33d423c1232c9dfc73e62b","0906870f1f9f8383","147.81667761230466","1508.8899057490123","",""
"image-447","train/angular_leaf_spot/angular_leaf_spot_train.75.jpg","","train","angular_leaf_spot","unreviewed","500","500","166910","ab42ce325ca29aeb5b338b47bee1b0e5db96934a21c57c7f44137a07795e2d10","e3911d0f0f0b07c7","137.39281072998045","1270.0916005297906","",""
"image-448","train/angular_leaf_spot/angular_leaf_spot_train.76.jpg","","train","angular_leaf_spot","unreviewed","500","500","117045","557c46515857ce5711280ef4244458ad9fa8dad9ef13bf91ef5be1ccddedf7ff","dd8e0f3616371fdf","149.90834686279294","334.9685340134794","",""
"image-449","train/angular_leaf_spot/angular_leaf_spot_train.77.jpg","","train","angular_leaf_spot","unreviewed","500","500","144716","9d8d79f87d618da227e5078828284f589b3c5ee545a5e3563faf60d164a6136e","6d0c0e0737171f0e","142.81024639892576","979.9036043645498","",""
"image-450","train/angular_leaf_spot/angular_leaf_spot_train.78.jpg","","train","angular_leaf_spot","unreviewed","500","500","150526","b7eafa78f30fc7e0efc0d706d56224da24f35a5c7b24149b98d24e204e9b4ac2","ce658706060e8c1c","131.3383383178711","1163.0998005616048","",""
"image-451","train/angular_leaf_spot/angular_leaf_spot_train.79.jpg","","train","angular_leaf_spot","unreviewed","500","500","133569","92715572773572f1e11cece6dea9139da407c0b258349346d90c90f46b142ed3","160d0c0e2e8c3c9c","147.45489154052734","892.4921920151548","",""
"image-452","train/angular_leaf_spot/angular_leaf_spot_train.8.jpg","","train","angular_leaf_spot","unreviewed","500","500","99704","e9a03ab924e7470dbe68caef2ec1a2189961ac574ec6f81c69e0dc6e30d1f608","ffcd1d3e9cbc3c34","102.17050762939452","300.1680850397608","",""
"image-453","train/angular_leaf_spot/angular_leaf_spot_train.80.jpg","","train","angular_leaf_spot","unreviewed","500","500","122294","bc20c26b66aa2eb8f560b96edc2f53379fe58163cb9f51218481d0808bce8d9d","fcdf17574fc96b63","117.49417944335937","495.80481745396554","",""
"image-454","train/angular_leaf_spot/angular_leaf_spot_train.81.jpg","","train","angular_leaf_spot","unreviewed","500","500","141054","c548e8854360ab50eca7b08b2291ef1a0f379cf5f1f22580681c5be90f212370","0106870303130332","141.05594427490234","1348.153976130986","",""
"image-455","train/angular_leaf_spot/angular_leaf_spot_train.82.jpg","","train","angular_leaf_spot","unreviewed","500","500","148993","a93340e537940d981e23e573d7ad1cd6f1193b25903f9c0b5a2cd4e91cb4b0fe","221393a746468c1b","124.20757635498046","1039.791601950683","",""
"image-456","train/angular_leaf_spot/angular_leaf_spot_train.83.jpg","","train","angular_leaf_spot","unreviewed","500","500","121536","925f4d4bcc451e6bdb6c54764964b5e022f029624d0bbcaf55aaf8f1420b63bf","9193b33879198df3","118.23126245117187","347.38031500015995","",""
"image-457","train/angular_leaf_spot/angular_leaf_spot_train.84.jpg","","train","angular_leaf_spot","unreviewed","500","500","152306","b520fab29501edf3c11e2d873d95a53e769653ea53165ad33e8da5fbf6303153","93999d0f271f0333","149.96817871093748","1096.1100031002443","",""
"image-458","train/angular_leaf_spot/angular_leaf_spot_train.85.jpg","","train","angular_leaf_spot","unreviewed","500","500","106634","998db860f2f544b83e4a2682ba2f167e1fbd46d264b783bab6ee408600942da6","6b4f079313d2b69c","153.9181298828125","301.4468471592835","",""
"image-459","train/angular_leaf_spot/angular_leaf_spot_train.86.jpg","","train","angular_leaf_spot","unreviewed","500","500","182672","c4b5180d6b94e911818afd4df7a7b2a7c18225855eb37d0e178e1b8bafb186e7","0f0fb7231d3d9e2f","115.57156311035156","2219.734384373917","",""
"image-460","train/angular_leaf_spot/angular_leaf_spot_train.87.jpg","","train","angular_leaf_spot","unreviewed","500","500","131748","035a80f9b5b676aebad307ffe8840514622f4cf93f2b29d0bfc9c89168f2409d","c8c59a6363434624","116.34400616455078","866.9847070694258","",""
"image-461","train/angular_leaf_spot/angular_leaf_spot_train.88.jpg","","train","angular_leaf_spot","unreviewed","500","500","167885","9eb603996cc434dc32c23d7e56a3951c202f5b2920f2eff0ff5ed8d82b2d42e9","4b0d193f1726834f","123.68216290283203","1260.9013618582414","",""
"image-462","train/angular_leaf_spot/angular_leaf_spot_train.89.jpg","","train","angular_leaf_spot","unreviewed","500","500","166767","61019b375086f4c197a30a57e4073aad773e529ac6e5e1ef336a460cf92d352a","0804840c48183c20","129.60928979492186","1274.3087083539933","",""
"image-463","train/angular_leaf_spot/angular_leaf_spot_train.9.jpg","","train","angular_leaf_spot","unreviewed","500","500","156619","a2768d75ead16d41f7f418df2ecd4b5b98801f40d7ef08669b1a96bc5ee64272","1f9e07070f0e1010","129.95346014404296","1251.272189533794","",""
"image-464","train/angular_leaf_spot/angular_leaf_spot_train.90.jpg","","train","angular_leaf_spot","unreviewed","500","500","107066","2f9f9a541c9b9290ff4a9d67327936474b9d3f81b2f3b21bb68f8188a345cb72","0d1507870707af85","99.61382067871094","443.3253913220006","",""
"image-465","train/angular_leaf_spot/angular_leaf_spot_train.91.jpg","","train","angular_leaf_spot","unreviewed","500","500","125620","bdf4ff5f1d49227e0dad2bcfbc7b8bbc474b9d6ef3a1fb6b9418e3943c84cf6c","4c0c1515139b8b17","109.03826898193358","683.4933364567557","",""
"image-466","train/angular_leaf_spot/angular_leaf_spot_train.92.jpg","","train","angular_leaf_spot","unreviewed","500","500","125461","7dd6243b4b5bb82937ba845acc71bcd962be3c6325686886d2e05df6988a3d62","0f0f3e3f3f3b3e1e","132.64802392578125","379.4175152244619","",""
"image-467","train/angular_leaf_spot/angular_leaf_spot_train.93.jpg","","train","angular_leaf_spot","unreviewed","500","500","125487","484e1f8507323ebf9c86bf63cf39e9c7f9f46e9962458c9a26ad9fe1838017ed","86860e06078f4f73","137.26017028808593","638.9088305781185","",""
"image-468","train/angular_leaf_spot/angular_leaf_spot_train.94.jpg","","train","angular_leaf_spot","unreviewed","500","500","123058","5af2fa2e81ce2661b6bb0e92dc308efd7aae3006646cb9684bb5dd4d8acd3749","4c4e8f9f0f071218","121.9394191894531","830.9657178234091","",""
"image-469","train/angular_leaf_spot/angular_leaf_spot_train.95.jpg","","train","angular_leaf_spot","unreviewed","500","500","158662","5faa37ecd7319eaf07738204d9c4f52086cad1095c0dcbf4d6347593cf699bdf","2f3c0f1f3767d377","135.02610339355468","1516.4514789725843","",""
"image-470","train/angular_leaf_spot/angular_leaf_spot_train.96.jpg","","train","angular_leaf_spot","unreviewed","500","500","139712","b44de8f1a7675925f72e7949e0a3e3c2569f887f8d335af07c5a863beb84cdc7","381c1f0f1f1f0321","137.01216009521482","1354.156023258852","",""
"image-471","train/angular_leaf_spot/angular_leaf_spot_train.97.jpg","","train","angular_leaf_spot","unreviewed","500","500","136720","498f12baed477b391a74fce0b6952198c2317d1654706f32c6e4c9392659dd41","f963470f0f1f258f","101.35585009765624","807.2366528064802","",""
"image-472","train/angular_leaf_spot/angular_leaf_spot_train.98.jpg","","train","angular_leaf_spot","unreviewed","500","500","124775","29833377e75036afbb9f8f85f74f3d807d573fcb9716cc41349326fbbe70eadf","73e323371f0c0c0c","140.86317492675778","418.74415715874915","",""
"image-473","train/angular_leaf_spot/angular_leaf_spot_train.99.jpg","","train","angular_leaf_spot","unreviewed","500","500","114935","b73e0abe1861d3520028f08ea22cb6adea05b8cac81abf552d1d227df6c1ab99","6fc787074f47a723","86.42715942382812","483.90069716416605","",""
"image-474","train/bean_rust/bean_rust_train.0.jpg","","train","bean_rust","unreviewed","500","500","102570","7983f1e3f538a1aeac96a07618511e742c367e52135438f24d538f69e893c651","df8f9b4f666f73da","110.51994104003907","556.9298017926333","",""
"image-475","train/bean_rust/bean_rust_train.1.jpg","","train","bean_rust","unreviewed","500","500","133897","b401ee27883b561651ee3d5d00e16a779b4cdfc4656a2b237a91148fb4367a55","8f0f1d332363e3ea","111.5748042602539","808.7642326953102","",""
"image-476","train/bean_rust/bean_rust_train.10.jpg","","train","bean_rust","unreviewed","500","500","122123","8d69365cf9bb36c809c30f006692499abacc3e8a87b3fad614ea8b544b399531","0b43e6471f871398","132.0184182739258","670.0668921062882","",""
"image-477","train/bean_rust/bean_rust_train.100.jpg","","train","bean_rust","unreviewed","500","500","132597","7a04f2c0f28bcc7458fa11c1b500a5e2bec9a6a92223e89052318e3f2cdea630","3e5661e381011119","90.22330737304686","1241.4457060224481","",""
"image-478","train/bean_rust/bean_rust_train.101.jpg","","train","bean_rust","unreviewed","500","500","167420","cddb4a83833fe6a31b0dbc17297b44ee266a7f049f57999888293853d4da4229","3c1a765f1f888e46","84.89335003662109","2127.677889674874","",""
"image-479","train/bean_rust/bean_rust_train.102.jpg","","train","bean_rust","unreviewed","500","500","109876","a23f5a13240867d08d7ac3e3234b1427390bbd91fd0603038ddfcfecf70f2289","0d490f0fc7870e38","80.714802734375","690.387409308428","",""
"image-480","train/bean_rust/bean_rust_train.103.jpg","","train","bean_rust","unreviewed","500","500","119137","f8f3ff9d5153e9aa8ad14a2ebb9787393d8ff2502379319fdb69db0a7f41519c","40101d1733322ccd","134.94775854492187","723.0435147490278","",""
"image-481","train/bean_rust/bean_rust_train.104.jpg","","train","bean_rust","unreviewed","500","500","151494","2c5b2b94fd923c8186835f1c668e1e64b41f64f773a7b45f77effdaf71a076c6","a60d051f0f1d191a","133.13767138671875","1983.1362353798272","",""
"image-482","train/bean_rust/bean_rust_train.105.jpg","","train","bean_rust","unreviewed","500","500","113479","4134e36300d7fa8a28a287842da28add0c82b95f3b710e9b51205c8d8b648bc5","8e92c48e3e3c6647","126.93293603515623","579.5097966913376","",""
"image-483","train/bean_rust/bean_rust_train.106.jpg","","train","bean_rust","unreviewed","500","500","116703","1246dca980ccf1d7d6657b5b806a8b31887c5c457a663adb2a852232125d090e","6103070f78f8d083","123.32962835693358","561.4063894564345","",""
"image-484","train/bean_rust/bean_rust_train.107.jpg","","train","bean_rust","unreviewed","500","500","131383","4ac2a92d7fa2f12648e51ca6e71e1c8e70d7f25274fb0ac81888113a11147354","0f0f0743231b030b","97.42086358642578","553.9065313083407","",""
"image-485","train/bean_rust/bean_rust_train.108.jpg","","train","bean_rust","unreviewed","500","500","127684","970f1cb33a8fee13268ffac06a142a83ae78af578564699d88c81458b833f637","070e070778c9f936","118.81385675048827","1383.2484483446026","",""
"image-486","train/bean_rust/bean_rust_train.109.jpg","","train","bean_rust","unreviewed","500","500","123489","7fdc1914c3d3e48bc1a00ea44838f4b6ce7bb986d169226b8ffc68800478229a","1b0f8f0f1f1d1f1b","117.06599340820313","540.8682895029843","",""
"image-487","train/bean_rust/bean_rust_train.11.jpg","","train","bean_rust","unreviewed","500","500","104237","e8f7cb6d1ca8ce6b2d71dfe1d21c47778a4c700caa882f7862aeafee5c88a48d","26071745687a3236","123.58278973388673","380.354824579096","",""
"image-488","train/bean_rust/bean_rust_train.110.jpg","","train","bean_rust","unreviewed","500","500","124067","3829a90875af26899ce32fccf55e8da0a2bc3bbc5cd6cc12e563e199d01a3e2e","da854d4c478389c9","108.91789990234375","409.6725642287686","",""
"image-489","train/bean_rust/bean_rust_train.111.jpg","","train","bean_rust","unreviewed","500","500","158678","7570cd256bc22011dcac8d780d099a178ec2b29196ac3541c5bfe4219ef700a7","07273ebdc5c1c9ad","137.59263171386718","1285.832772479738","",""
"image-490","train/bean_rust/bean_rust_train.112.jpg","","train","bean_rust","unreviewed","500","500","121981","9cafa337e54d7846d74132423e633721617c2bc3df1dacd91783579125733c1a","591e8703236b1706","120.35347058105468","684.8516196986839","",""
"image-491","train/bean_rust/bean_rust_train.113.jpg","","train","bean_rust","unreviewed","500","500","141279","84b20edc3000872f4e5d6e1c35f6b1d71bdfab5275e3f7559496ad61b9a7bd89","371f0f071fdf7367","153.91480706787107","1178.5568620023146","",""
"image-492","train/bean_rust/bean_rust_train.114.jpg","","train","bean_rust","unreviewed","500","500","128087","9eee3eeb3408db2966526b1735a61c46395446cd61bd65f51b08b5ada01ca9cf","0f1faf9d1f1f0f07","86.7402710571289","519.4088314623633","",""
"image-493","train/bean_rust/bean_rust_train.115.jpg","","train","bean_rust","unreviewed","500","500","157015","bfdd0f7375e11b7a0e2a84ace3308233dbc7df0cf0ea35a564791fd9c5a8fafa","7c269b1b4f074d41","140.69185266113283","2042.785094660699","",""
"image-494","train/bean_rust/bean_rust_train.116.jpg","","train","bean_rust","unreviewed","500","500","102740","276178e4aa47177ad75066ab05a5c085727cf1dacd23a9f20395c88cf5d58da8","67650d1e3e69498b","100.86202124023436","513.7276216456632","",""
"image-495","train/bean_rust/bean_rust_train.117.jpg","","train","bean_rust","unreviewed","500","500","121505","11024c9d861f7cacd24554c59dda1d325944189969aad81d39acf2b2ce3096a3","d30f393c3c2c8d0f","119.77854748535157","888.969997347997","",""
"image-496","train/bean_rust/bean_rust_train.118.jpg","","train","bean_rust","unreviewed","500","500","109862","c1f8bfdca8774b212b45d4badcf48a5afcb15b15ad59f5c8314eccdafc86018e","9c9e1b8f9f91479f","100.16035729980469","694.4122779640186","",""
"image-497","train/bean_rust/bean_rust_train.119.jpg","","train","bean_rust","unreviewed","500","500","144066","4683d0b5db53794384a0a0226a4a58aa8a1dc43819f3d0fd1071ce7a46741cb4","67612437071d9f9f","87.82799517822266","1659.162783369365","",""
"image-498","train/bean_rust/bean_rust_train.12.jpg","","train","bean_rust","unreviewed","500","500","119480","17042f49ac07cbdb9107481bac3f3d8a2a6922a2e6e67b8b85d544b5f2f2a9d9","f8b53e2e2707070e","80.91043145751954","882.2112868600269","",""
"image-499","train/bean_rust/bean_rust_train.120.jpg","","train","bean_rust","unreviewed","500","500","121766","8f33f22e529b4c9b5769c7a963215973f9a668907f1802f312b16805edb63dec","39386e0787c62032","130.00829821777342","461.9095531319133","",""
"image-500","train/bean_rust/bean_rust_train.121.jpg","","train","bean_rust","unreviewed","500","500","123758","4c5ed9cca6060c98eb88254ac1250184f9f26991e13d839556ad16c67b603e96","7c36767676f7f67e","122.45968298339844","540.0014722966702","",""
"image-501","train/bean_rust/bean_rust_train.122.jpg","","train","bean_rust","unreviewed","500","500","152422","75f302400d454228207f1701be5e75573b87791c7e328972cff5d83d64919e77","f8329a0c0cccc28b","106.99189025878906","2693.3634828792697","",""
"image-502","train/bean_rust/bean_rust_train.123.jpg","","train","bean_rust","unreviewed","500","500","100843","f0515dfcf223cfb29de89261b185f426bd0913a46bd5ed1bb6bab55825878ed4","3585054d4d0dc549","118.47642291259766","250.9183271229529","",""
"image-503","train/bean_rust/bean_rust_train.124.jpg","","train","bean_rust","unreviewed","500","500","150774","05fc0b805f115bc1133d17ee7477aa2305f1f728a23dd9962af1e5c5f9f46605","1b0f0f07271f3d39","122.3631768798828","1699.6001536497247","",""
"image-504","train/bean_rust/bean_rust_train.125.jpg","","train","bean_rust","unreviewed","500","500","118377","bcfcd6e0130c1bf287013e9a41c9cf3e3547fa51004e1f87f9ef26047b74dad0","c7a14fabe9ebc646","125.83090081787108","1133.7362891160005","",""
"image-505","train/bean_rust/bean_rust_train.126.jpg","","train","bean_rust","unreviewed","500","500","170907","95c6165a78ec17b40188c38562620029ceefb38e985e214689e9739b4cf09858","622c261393d30383","146.16342486572265","1313.9441896594121","",""
"image-506","train/bean_rust/bean_rust_train.127.jpg","","train","bean_rust","unreviewed","500","500","121043","8f275eccdece31e6acbb125ed8563acf2408f6068c13d77a838c1a33a808d84a","6feb4848c88d0771","95.25536206054687","926.5924257137299","",""
"image-507","train/bean_rust/bean_rust_train.128.jpg","","train","bean_rust","unreviewed","500","500","174254","793fbf15dbd4fa352aaaa564fff015e260810f78c8767bfdb015ee929b126478","3f371fefe30b0b0f","92.4881103515625","1707.343808162231","",""
"image-508","train/bean_rust/bean_rust_train.129.jpg","","train","bean_rust","unreviewed","500","500","120220","231ebe92c4192afea8cc464250ac5092cc124615fbe576edfd2e6e1054984d07","cdce86871a4ccd29","109.39949194335938","1483.4944022394163","",""
"image-509","train/bean_rust/bean_rust_train.13.jpg","","train","bean_rust","unreviewed","500","500","115064","1d75b16a2a30d9a5e8765b2f62e28e6324873a0aac45cca61fbe4f521ca72f68","01270697f7f9cdcf","126.19236114501955","792.8215939653347","",""
"image-510","train/bean_rust/bean_rust_train.130.jpg","","train","bean_rust","unreviewed","500","500","104913","d4bc10120f9f25522afd923481c2b1b95faf27380a5a165e9028111bd68a0c69","27672703931173e6","126.41261566162109","466.63912864464623","",""
"image-511","train/bean_rust/bean_rust_train.131.jpg","","train","bean_rust","unreviewed","500","500","145964","39397b90b6d984e967d83cddbe777dd45146d14fb32a5d095b1a38991e75b41e","1b1f1f171666e684","150.83430865478516","1537.876474927507","",""
"image-512","train/bean_rust/bean_rust_train.132.jpg","","train","bean_rust","unreviewed","500","500","172744","952a9824f6816dd7bc09e84d7c56a3e617e620fade90a3dc34afe3854e12d30e","1b1f0f151123e2f0","131.96340277099608","2521.4189251765674","",""
"image-513","train/bean_rust/bean_rust_train.133.jpg","","train","bean_rust","unreviewed","500","500","121558","2c9d05a99c656735bd44d8be9659f7d4831e1b71fdd103b5e8727cc3904883ea","8a0f97b33311d64f","130.67102398681638","936.2946441516864","",""
"image-514","train/bean_rust/bean_rust_train.134.jpg","","train","bean_rust","unreviewed","500","500","122179","74069ece5c32d8633a7640492613ccb97a6d1dbbc24000ec69a90532a9f34df2","a78f0f0fb70f07f3","88.27814697265624","748.7749211331866","",""
"image-515","train/bean_rust/bean_rust_train.135.jpg","","train","bean_rust","unreviewed","500","500","105951","441e530c6bc9c49e35c75940a2bdba3753671c37f97acc29950a613eb4f03457","430303090507074f","100.1942192993164","355.2861415626341","",""
"image-516","train/bean_rust/bean_rust_train.136.jpg","","train","bean_rust","unreviewed","500","500","121276","e977524fa000e8495a8c6175e3e6536ea49f648b0e37c15c24451eafe0dffb12","0b161e8e8e9b1b99","130.17031781005858","690.9612446001952","",""
"image-517","train/bean_rust/bean_rust_train.137.jpg","","train","bean_rust","unreviewed","500","500","112302","b87ffb26127db8514911bd515027e1764938447dcd39399ad2d8702e7c3a7cb7","86070f0f1f3f136f","87.70412982177734","367.09754180959345","",""
"image-518","train/bean_rust/bean_rust_train.138.jpg","","train","bean_rust","unreviewed","500","500","134300","d0b577b8de271b8f1042bd6ead0dc7d33d72d9d983e5d99cc79ed5d5f6690ee4","1e8f0f63231646e1","139.5915336303711","1122.8580406015474","",""
"image-519","train/bean_rust/bean_rust_train.139.jpg","","train","bean_rust","unreviewed","500","500","128882","bfd1bb650fe3a8d408c075a222846f151707a6a3e352a371a20c6efed34af806","1b1f070f0f27d5e5","132.12617816162108","365.0584138279623","",""
"image-520","train/bean_rust/bean_rust_train.14.jpg","","train","bean_rust","unreviewed","500","500","102196","34769d1811771d5c1a4d8ad44bfed21727fbf6d5bddc9d9c5864e14c2cae0c57","2006878b13076ecc","122.86141571044922","490.70183695545666","",""
"image-521","train/bean_rust/bean_rust_train.140.jpg","","train","bean_rust","unreviewed","500","500","106441","444c9a0a5198ad610bb88df1a33564b4b9edeb9da6dc0757c904179b54b8c341","0f0f1f0f07071832","76.2375014038086","332.22689291225623","",""
"image-522","train/bean_rust/bean_rust_train.141.jpg","","train","bean_rust","unreviewed","500","500","131126","d34eb6f32fb83bad6e368778a7d7718b6ddc002991714aa0245fd37d1941a871","38a3c72f2643f19c","129.99280609130858","800.974007926534","",""
"image-523","train/bean_rust/bean_rust_train.142.jpg","","train","bean_rust","unreviewed","500","500","138435","516f2c2cbc78e8d52cbf5a550bfb4359a1a50cccf4e37e902322b2e0a5796613","670b1f163e9f8c82","110.1254951171875","780.7994518659713","",""
"image-524","train/bean_rust/bean_rust_train.143.jpg","","train","bean_rust","unreviewed","500","500","145810","bdb0efef904c046f2839a9be36fd76fcf138a25ba5f461c1753b6284fb9c37d0","d3f45008c96383c6","117.73606939697265","872.9400084285194","",""
"image-525","train/bean_rust/bean_rust_train.144.jpg","","train","bean_rust","unreviewed","500","500","136284","b510f0668810452c19a2b657d7ab6af7801b7c457ce2f975b0853a662b3ff475","36a7470f07031bd9","152.7031455078125","1667.7308837848657","",""
"image-526","train/bean_rust/bean_rust_train.145.jpg","","train","bean_rust","unreviewed","500","500","130472","5d40e18ee3a5ef807e07611bde16c2ac93c12c4d9c69f5921cdb5d935e4fbde9","a98d4d8f0f0f8f85","119.58494183349609","994.9390502005011","",""
"image-527","train/bean_rust/bean_rust_train.146.jpg","","train","bean_rust","unreviewed","500","500","121283","c00c5c52e5632feeab1e32618bbfee18d64ac1c609d0c6d0a852a2904c7b6508","23870f1f0f8de39f","66.77090991210937","818.7825481978441","",""
"image-528","train/bean_rust/bean_rust_train.147.jpg","","train","bean_rust","unreviewed","500","500","116666","a10ac7ed12ab27881af258362a67113cf34b57b8324d16ddf1d4e682bc1d9928","c4c6c71b337fe4c4","126.57055126953125","540.8243499896148","",""
"image-529","train/bean_rust/bean_rust_train.148.jpg","","train","bean_rust","unreviewed","500","500","143313","49845ab3a918783536b68f7e8b77ccd929eabc66451b9efc8e1f41bfa2a91016","99a3030747475e5d","138.88356994628907","2394.6966442189814","",""
"image-530","train/bean_rust/bean_rust_train.149.jpg","","train","bean_rust","unreviewed","500","500","142882","b6596f284bdd8bbfe2f8a1aaa3b0d69ace129ed11ee5af6480abab46b87ff5c1","707b495f8f8b27bb","131.11613928222656","1310.9710162839851","",""
"image-531","train/bean_rust/bean_rust_train.15.jpg","","train","bean_rust","unreviewed","500","500","118800","fa3ad5def765d97f8cfaf904e158bdec154c35bbf239f1f328192c31cf239634","74440607072f272f","79.59806677246094","611.9973009940477","",""
"image-532","train/bean_rust/bean_rust_train.150.jpg","","train","bean_rust","unreviewed","500","500","125760","84aa03b2dddbeb907a8d3ca12859efac2f36021eab6e75d5c3cf9baf9ec1a4d9","37a388a4777f0743","128.03110937499997","400.041142675166","",""
"image-533","train/bean_rust/bean_rust_train.151.jpg","","train","bean_rust","unreviewed","500","500","111791","81d222c703eae75b9f44e16486c88cf3f05df59b4e47ba72d78bff779ac1ab74","32353c3c3c3c3c46","144.3389946899414","495.9585414827725","",""
"image-534","train/bean_rust/bean_rust_train.152.jpg","","train","bean_rust","unreviewed","500","500","155402","3c0761fda17cd8108f0ec2c23517874d61a4082d9f5e9c43f748b3f7894bda6e","1f1f274343c78f0b","148.93198217773437","1459.1375245828783","",""
"image-535","train/bean_rust/bean_rust_train.153.jpg","","train","bean_rust","unreviewed","500","500","128742","a6ce4fad5fb02dc44649cb9a9f07fae0e6491a8d580a5d7b5f589aa2d4ed2dfc","230f17170f1b0797","121.14592022705078","727.9544466280058","",""
"image-536","train/bean_rust/bean_rust_train.154.jpg","","train","bean_rust","unreviewed","500","500","120348","0fdf35efceacc036b7294bc86d8a2cff35507078c48852489d0f374c684faaa1","2dce0e0f93317139","99.32697534179687","640.2474505237338","",""
"image-537","train/bean_rust/bean_rust_train.155.jpg","","train","bean_rust","unreviewed","500","500","126810","5e66d79c7d85f8b0110978e0362f424809d1f79e2ebc4a08a441de838c54eab7","00e0e04386467030","108.90674456787107","1136.0809400731641","",""
"image-538","train/bean_rust/bean_rust_train.156.jpg","","train","bean_rust","unreviewed","500","500","112711","3e0fb64af0e32a35422b1043a22b93d076a501845753a8d6aa0d97dfd6253d30","efc3cb037359c989","119.08797583007812","720.3481839922755","",""
"image-539","train/bean_rust/bean_rust_train.157.jpg","","train","bean_rust","unreviewed","500","500","131930","a31889cc21693249efece1c8ec3473c36fcc00153b6665e1c3f0286c3a08b75d","1966c70b1b6b62e3","121.1416954345703","1297.804862595341","",""
"image-540","train/bean_rust/bean_rust_train.158.jpg","","train","bean_rust","unreviewed","500","500","122386","89fe227bd2390674c8818f1634dda110a095da1c9c67ca1cde34fcbf00571f11","7667cfaf1b1b0707","87.26504003906248","1324.6520331465974","",""
"image-541","train/bean_rust/bean_rust_train.159.jpg","","train","bean_rust","unreviewed","500","500","138115","81c3cdd8d4149ab399856888cade505a98ed069a0816de8b69d488ec8b689d16","e6872fe3624bcd4f","132.95113372802734","1379.6008128780954","",""
"image-542","train/bean_rust/bean_rust_train.16.jpg","","train","bean_rust","unreviewed","500","500","122364","f0d4ece47224e3d8b6df471e742d198f8fa71390000e34420a7e9714b32b14dc","53d91cbc39f4f6b2","123.07889721679689","730.5788320103248","",""
"image-543","train/bean_rust/bean_rust_train.160.jpg","","train","bean_rust","unreviewed","500","500","155190","ee23cea9a24f8c7e12da5f161e81cbe12d809b0318539fd39d2d0e4697675b84","89171b0dc367471f","125.8034444580078","2146.47752880694","",""
"image-544","train/bean_rust/bean_rust_train.161.jpg","","train","bean_rust","unreviewed","500","500","129787","ae4caf9533fa2f913bebaad98adc879a322adba38b46bed10e8bfc3f2cb4d2c1","c31703036363e363","124.14801690673828","1295.059786440134","",""
"image-545","train/bean_rust/bean_rust_train.162.jpg","","train","bean_rust","unreviewed","500","500","121854","dcd378dae63a9141961c1280191d32fe2df0a0cc4cd60ad3c2a37cddfe67c10b","a8899f9d07839f99","111.86011627197266","1202.2953684969605","",""
"image-546","train/bean_rust/bean_rust_train.163.jpg","","train","bean_rust","unreviewed","500","500","127567","6af9ce12ec2399ecbf83a6dfd56ef3cf0fde45e26f51a9b827308a1fdaa7c4a0","0707cb1b36f4cc8c","127.76792694091796","726.3796680080721","",""
"image-547","train/bean_rust/bean_rust_train.164.jpg","","train","bean_rust","unreviewed","500","500","133395","dbbbbc11fc2088aecd7fab61fd7e3803bc260fc05fff6120716e1bba20f86398","7e640e8f53f0b8e4","126.56015808105468","924.1724666450073","",""
"image-548","train/bean_rust/bean_rust_train.165.jpg","","train","bean_rust","unreviewed","500","500","106142","29a98c5b1f49e20568029eccd1da0bb1a053023b0532b0feff492762b237f496","c3e3e7868f0f0f26","118.33848028564452","424.8650375407811","",""
"image-549","train/bean_rust/bean_rust_train.166.jpg","","train","bean_rust","unreviewed","500","500","124876","5f3e20aac1cc879121b94d4338a343fd671f778ea14f858fc547f632e03ba9ea","2140e4c2c3c367e7","124.94252392578124","1134.055726652582","",""
"image-550","train/bean_rust/bean_rust_train.167.jpg","","train","bean_rust","unreviewed","500","500","122355","cf54d8373fd0e2991d699a480587a96511c3c863f9186c7b0023f79bbfb005bd","6fe34f4faf0fe3a7","91.18923895263671","1004.4559177730464","",""
"image-551","train/bean_rust/bean_rust_train.168.jpg","","train","bean_rust","unreviewed","500","500","143512","345476872fc42445221b733860a97edb52d5015b077a60ac9b16835e30b89003","d96d258f87064690","81.16398883056641","844.7773317069409","",""
"image-552","train/bean_rust/bean_rust_train.169.jpg","","train","bean_rust","unreviewed","500","500","143182","8d7147ee4712f8ae69a2920f31de4bffdc86e92cdc27c01b37f57d8766dfbe4e","8e872363f9713137","126.6127647705078","900.4391790050272","",""
"image-553","train/bean_rust/bean_rust_train.17.jpg","","train","bean_rust","unreviewed","500","500","136513","97c28d007db6da28eadd6f8ab303db571578f73cf57752e88f57509c0270fe72","039b8383cd1c3977","122.9413355102539","1549.5806667080926","",""
"image-554","train/bean_rust/bean_rust_train.170.jpg","","train","bean_rust","unreviewed","500","500","112910","f11e27e7ebd5a4c8ca7ebcf047628ee47cbd1ba81d912ec739dfad25f1727f69","1d898787070f8f07","102.13393463134766","432.16568575913976","",""
"image-555","train/bean_rust/bean_rust_train.171.jpg","","train","bean_rust","unreviewed","500","500","143266","a86b02d1281633cca0736d0492740f23f77c1ff4a770bab815b64006a668066b","1f0f0d392d2d27e3","94.41532934570311","854.0701922899084","",""
"image-556","train/bean_rust/bean_rust_train.172.jpg","","train","bean_rust","unreviewed","500","500","127996","645114e366bf94a480a69bc8283378161be4ea6209f1cc2fa1aa006080846298","30461c2d6d3db363","109.82242541503906","1103.6429487934245","",""
"image-557","train/bean_rust/bean_rust_train.173.jpg","","train","bean_rust","unreviewed","500","500","121308","bf5014469e849d781ca8fd6c57d46ef17cfb01e13bedc84ed117de474ea644e1","25470717990c3333","117.57640563964844","926.608654626934","",""
"image-558","train/bean_rust/bean_rust_train.174.jpg","","train","bean_rust","unreviewed","500","500","115381","f1c758e8ebd30891dea29dd3f5d178e6d293650f874e39c2d8b1a0194cba10da","404101071e1cc603","111.16599334716796","470.71883858883734","",""
"image-559","train/bean_rust/bean_rust_train.175.jpg","","train","bean_rust","unreviewed","500","500","157315","f823d861c38c81be67c9a56b627d6f2ad56a71507a1b94028ea9430b190305b2","0f0d0d272707341a","148.2352138671875","1401.296051022189","",""
"image-560","train/bean_rust/bean_rust_train.176.jpg","","train","bean_rust","unreviewed","500","500","120082","50189bbcdb0a970a37c3fa6463a530663c1eb73877e57b9bb48dcdbc9ee51fe9","4f4f07878347e6e5","92.46303283691407","392.4854340958641","",""
"image-561","train/bean_rust/bean_rust_train.177.jpg","","train","bean_rust","unreviewed","500","500","117195","fa44fe2e5427e8b7403d54f9896c4361bb114415887df009c9987a93bb1a81e3","0b1a078809c7dff3","128.68205529785158","888.7774097882042","",""
"image-562","train/bean_rust/bean_rust_train.178.jpg","","train","bean_rust","unreviewed","500","500","148463","ceda04ff2a6d4a47f7b3ed0be2d7aea880fc55272b72b8b67afb6cdc61ad390a","068f1b393bf0f1f1","134.2698179321289","989.6034968897058","",""
"image-563","train/bean_rust/bean_rust_train.179.jpg","","train","bean_rust","unreviewed","500","500","124405","052af9eff2934bf84f04fa7399e2f4dcc3952e50939647f12d6a3d958b810c1a","373f1f0f17313003","89.274951171875","1166.1805903003492","",""
"image-564","train/bean_rust/bean_rust_train.18.jpg","","train","bean_rust","unreviewed","500","500","141262","a374663477298c7dd206b885f7a11921fcabdddd17328a5766c0c6d9daee8081","a3615c33478b39a3","117.5355205078125","669.3381060619791","",""
"image-565","train/bean_rust/bean_rust_train.180.jpg","","train","bean_rust","unreviewed","500","500","143432","a1cfdd8e5463e9256c04ee2d617a82f6ee8715a13ab01a0e260ed3f582268580","91aecec2c7c68e9e","106.72861077880859","1634.8405005303844","",""
"image-566","train/bean_rust/bean_rust_train.181.jpg","","train","bean_rust","unreviewed","500","500","106814","c86b0b6f521b5dfa6a6cb78751cd4af8495a17d900c70f7447b56312c410d491","0f070331e1705818","130.1122750854492","298.7438754710911","",""
"image-567","train/bean_rust/bean_rust_train.182.jpg","","train","bean_rust","unreviewed","500","500","109585","c5b619a8e747222f87bf6946bef610a205e70d4588c739114bc14c181406ed8b","6f6f26173323a1a1","124.57420593261719","358.71539570941667","",""
"image-568","train/bean_rust/bean_rust_train.183.jpg","","train","bean_rust","unreviewed","500","500","115336","70c1f941b8ef8021cd33a7a2eecc660dc9f742d6907f93b7bddc7ce4df54aa72","950f2f2367fcf5f0","121.0088861694336","725.1019388621503","",""
"image-569","train/bean_rust/bean_rust_train.184.jpg","","train","bean_rust","unreviewed","500","500","134515","ea19689f22e4499aa47c032c972a1ab8afb696ce3032ba545b7a899bd8a7fc2c","3e3d0f1f7ffcccec","126.98766259765625","935.4698076877493","",""
"image-570","train/bean_rust/bean_rust_train.185.jpg","","train","bean_rust","unreviewed","500","500","123672","5633f8dc2bd006aa3b9f249291ce2cfecaf4ec05dc8bfa5fc2bf3af7799d969c","d39f1f3fafa133a3","108.67944891357422","789.6725283251275","",""
"image-571","train/bean_rust/bean_rust_train.186.jpg","","train","bean_rust","unreviewed","500","500","86708","fdb2a20b6829ea7ae24f7509026e0c9e6643faf6a26440d8d21de29b4a11dcb2","070603270f0757db","60.809267822265625","416.66792008526625","",""
"image-572","train/bean_rust/bean_rust_train.187.jpg","","train","bean_rust","unreviewed","500","500","174576","0e08d90d42539d4e8faa06e041c217e966b191cd1e4015fde8ca52a4f03ed74d","673bf3e34fcfaf26","143.0574995727539","2877.03698479739","",""
"image-573","train/bean_rust/bean_rust_train.188.jpg","","train","bean_rust","unreviewed","500","500","155985","10ff7901b5f9fdc1b086f8a72b988b5372bfd0222c6bb7cb23d5e0ec5f4e1589","ce4d1d1833a414dc","92.76545086669921","1370.294043405243","",""
"image-574","train/bean_rust/bean_rust_train.189.jpg","","train","bean_rust","unreviewed","500","500","118318","fac970cb07001688575b504a6ab2093ac0cfe9334a3f4fd16fce8d33dcad92da","3826278793b1f1f0","114.67377856445312","1131.9746713738398","",""
"image-575","train/bean_rust/bean_rust_train.19.jpg","","train","bean_rust","unreviewed","500","500","164346","d2eceeaa3d20c56ecce71b92e84a3eb8a775122dfb88eee9dc55e3afbe71231f","9819099d9f8b8bc7","91.13476428222656","1584.9395839354959","",""
"image-576","train/bean_rust/bean_rust_train.190.jpg","","train","bean_rust","unreviewed","500","500","125717","531f206362aa84da03855f75749f7db421337f7ba429dcdf0c0d0c88795f171e","6eb7a786e2f3d7d1","118.30890905761719","895.336390261039","",""
"image-577","train/bean_rust/bean_rust_train.191.jpg","","train","bean_rust","unreviewed","500","500","158674","590913e325c3219ed0bb7d2f5c8428419cce0254a362ae50b4117e1c95e7591e","f7bf0d0d1fcfa90b","139.8832471923828","1348.86627294912","",""
"image-578","train/bean_rust/bean_rust_train.192.jpg","","train","bean_rust","unreviewed","500","500","138089","60a591ffef7e9257e594e1f40355d83d2ce8e7edb5cb12c97ddebbc467f76790","454f071773f331f1","88.54330450439453","995.8836239222344","",""
"image-579","train/bean_rust/bean_rust_train.193.jpg","","train","bean_rust","unreviewed","500","500","150634","61a150dba73475802fb045f18a7d90fe79e2cae50bfbe207882869055fbe1dc7","1f1f5a1e9fc38302","144.13928918457032","1308.4790995364756","",""
"image-580","train/bean_rust/bean_rust_train.194.jpg","","train","bean_rust","unreviewed","500","500","116558","eb88fa4a8cc2bf38ecee3d15eda7f4aa7b7cea39ae01e0e5b28613ea426429fc","0b0703031b1568cc","116.9585001220703","706.9161942241104","",""
"image-581","train/bean_rust/bean_rust_train.195.jpg","","train","bean_rust","unreviewed","500","500","136897","3d9a060f91c1f3d0c9bed12cb1a4053bf94b6b477b51d1f8695b6143c1bc1f01","cde3adcc983226c0","132.2294331665039","1417.4517956338602","",""
"image-582","train/bean_rust/bean_rust_train.196.jpg","","train","bean_rust","unreviewed","500","500","115247","6ef7b25214337c40f51f48ed71c40337bd61973c8218372b3b045695e538fca2","66e7a38f172fcb8b","101.97252416992185","922.4222386552683","",""
"image-583","train/bean_rust/bean_rust_train.197.jpg","","train","bean_rust","unreviewed","500","500","143740","1348f697e30a68f0c4217c7542e1230d6c62c9629149b4248aabda24715502db","396f0f0f2d0c19dd","87.30759643554688","895.3388824968092","",""
"image-584","train/bean_rust/bean_rust_train.198.jpg","","train","bean_rust","unreviewed","500","500","123635","fbcd6f6446785c8aca87ec63fb071566215e28a5e54b22e554afee94b262eceb","3ede8b8a60232303","86.74237615966797","979.9504705983425","",""
"image-585","train/bean_rust/bean_rust_train.199.jpg","","train","bean_rust","unreviewed","500","500","191656","4202e6d3f7f792ba56576f5f67838366a6ca84a7fd1909ef61a07bd4b2872629","8995861b3c791f3f","122.72581494140624","3043.1556533120047","",""
"image-586","train/bean_rust/bean_rust_train.2.jpg","","train","bean_rust","unreviewed","500","500","127192","288a9ddb5d5b1519dee26c7532003d63bfbef0469097b86010ea7dbc9da77ede","c0c843c7c70d8c4e","90.47806323242187","1398.3138470297263","",""
"image-587","train/bean_rust/bean_rust_train.20.jpg","","train","bean_rust","unreviewed","500","500","149270","bb64bc6c7ae94dc0c7fc2a1170316a36ea59b9833dfc993e24ebdaf2ff6ec443","0a1a8fa787236756","99.95282409667968","2102.379639280609","",""
"image-588","train/bean_rust/bean_rust_train.200.jpg","","train","bean_rust","unreviewed","500","500","129701","4f69983d2b23b8629a827e13348d5c9a8e5e17ccba963e2c598adccec0d36f3d","1f176f0e2f9b8a22","95.07391131591797","1298.1463380896237","",""
"image-589","train/bean_rust/bean_rust_train.201.jpg","","train","bean_rust","unreviewed","500","500","132439","bfd434823c27e2e26e52e93297cf85cc1121b106e87fa00328a7d07d3deac4ba","81030f5f73f3f9dc","140.3104711303711","991.9857828332222","",""
"image-590","train/bean_rust/bean_rust_train.202.jpg","","train","bean_rust","unreviewed","500","500","150633","9aea4b559bdabe9c9cb811d13e56c15284535c60dee36163b960b02623092a0e","3d134387871e3f4b","106.74993841552734","1853.7496166328185","",""
"image-591","train/bean_rust/bean_rust_train.203.jpg","","train","bean_rust","unreviewed","500","500","124086","bef36a2f551a60c8443403029814af0589dc301d206925082c0f78353ac0f94c","a5e3e3f171190367","127.80512158203123","658.472555300679","",""
"image-592","train/bean_rust/bean_rust_train.204.jpg","","train","bean_rust","unreviewed","500","500","115656","181dc9d5114226592c25068690c67be3ec76801e6699f9832c48f7995e2a4363","2e0a1d07074e274b","135.4357037963867","487.517100722834","",""
"image-593","train/bean_rust/bean_rust_train.205.jpg","","train","bean_rust","unreviewed","500","500","155419","53c533f4099bbca26ad2497c510ac7a8c9859bc5859dc3ce1902ba136414f8ac","9b1f0f0f0f091f3d","146.7850889892578","1214.1990875896638","",""
"image-594","train/bean_rust/bean_rust_train.206.jpg","","train","bean_rust","unreviewed","500","500","96004","21fe46e58831c7bb9a14d5efa369cdc5b1c96fed06300884fd87904ab65457fa","3e1e1a1717270b1b","92.57459600830077","252.4692064667252","",""
"image-595","train/bean_rust/bean_rust_train.207.jpg","","train","bean_rust","unreviewed","500","500","123928","919bb5d15eb4f9d0ad58a5e7ac3ff809adbeb0375e03a26dd3974337a697c791","3606c3a3e1719096","123.3571806640625","771.0190906726403","",""
"image-596","train/bean_rust/bean_rust_train.208.jpg","","train","bean_rust","unreviewed","500","500","110428","0022cf857530773b61252e66d81133f34dc801fa293bb7c48536f4821e6a07f8","0b0f3b2f07070707","103.97065020751953","216.381035080382","",""
"image-597","train/bean_rust/bean_rust_train.209.jpg","","train","bean_rust","unreviewed","500","500","116548","fbaa543a47783df25aa8b7132ba25958fa0ccc30212e56df656dd9b6c77ee410","8707041f86968e27","119.49519598388672","773.0509548971468","",""
"image-598","train/bean_rust/bean_rust_train.21.jpg","","train","bean_rust","unreviewed","500","500","153130","246c2213152969d4b29c6ad507adea33a48f67462e7c5af16b5153ba6f889607","1f8f870747673336","155.5742946166992","1186.2115862458427","",""
"image-599","train/bean_rust/bean_rust_train.210.jpg","","train","bean_rust","unreviewed","500","500","95196","306be2b796baf5e424243f4b960b76cac5be3d055ad7a52f71a0d45dc1052177","0306030100060e4c","113.68672314453124","305.2257351193625","",""
"image-600","train/bean_rust/bean_rust_train.211.jpg","","train","bean_rust","unreviewed","500","500","113968","7828fc6b24e09ab6a1c20ec9cd73ab684f6d80f1ec9fcbc25756ea1e974e41e4","238bc783e34b0f26","129.76144897460938","627.7528608380865","",""
"image-601","train/bean_rust/bean_rust_train.212.jpg","","train","bean_rust","unreviewed","500","500","102940","eb2a8bcb092c2e0d5f6075947c36318ede33c8f462ce6a047c0bd5e197cadec5","3f2e0f4f47c7c763","110.83988195800781","312.05654441665985","",""
"image-602","train/bean_rust/bean_rust_train.213.jpg","","train","bean_rust","unreviewed","500","500","136077","de15f32695186a9b4199a69099095d124e75879a5dfc1d8324203ed02378a3cd","0707070727032733","181.16554998779296","540.2670065762803","",""
"image-603","train/bean_rust/bean_rust_train.214.jpg","","train","bean_rust","unreviewed","500","500","114534","8a0aaa202333f30c26eac1cde45e82af862f9372078469b2a754e861da11a78d","13870303870722b1","83.35864373779296","629.0418539781833","",""
"image-604","train/bean_rust/bean_rust_train.215.jpg","","train","bean_rust","unreviewed","500","500","111971","f5d3a10ebb1e1a3dbc75c866a2fb82fa6fd7882b28e83634ac3b10c65064984f","e78f9e880004060c","125.11654382324218","559.8766110834772","",""
"image-605","train/bean_rust/bean_rust_train.216.jpg","","train","bean_rust","unreviewed","500","500","126830","c2a97ea6a7c8b602ae7034772b4f692db804e652226e7c7154be7d3c58c395af","cf0f070f6f3f1fcc","95.65951495361328","601.217803618681","",""
"image-606","train/bean_rust/bean_rust_train.217.jpg","","train","bean_rust","unreviewed","500","500","97450","c75d7009e0361514d519ab51d718b607bfd9a30ba4ec24977af9bef9ec1184f7","3c0d1e1e3f3f3f7f","99.32986706542968","257.04467025534063","",""
"image-607","train/bean_rust/bean_rust_train.218.jpg","","train","bean_rust","unreviewed","500","500","150982","20ccb2b3c5b67b9fd7f91d60b4c06982dea1f4fa0908906f95bfe3ffb76d8cec","4305434163f3c287","104.37546783447266","1022.764853846716","",""
"image-608","train/bean_rust/bean_rust_train.219.jpg","","train","bean_rust","unreviewed","500","500","139955","2b1c9601a7df536e11573145c42aa51221101b45624966ea7f257dfa7bce568d","1c2d4e8ec6565553","134.76284625244142","1086.001983678694","",""
"image-609","train/bean_rust/bean_rust_train.22.jpg","","train","bean_rust","unreviewed","500","500","120418","65e9c994e5432e33bb6b92068885c3e4dd2b95b281bcca06ee5ece6c21d50ffa","0607070f1e0e7672","81.05108782958985","432.0403991409819","",""
"image-610","train/bean_rust/bean_rust_train.220.jpg","","train","bean_rust","unreviewed","500","500","176689","e0ba75e6c1536866d57891bc6afce70105bb7217c873c0aaa96be78c1b9d0e09","73c31a6607272727","136.53656744384767","2114.7409512545664","",""
"image-611","train/bean_rust/bean_rust_train.221.jpg","","train","bean_rust","unreviewed","500","500","96229","2e63e157e66281f3014ba23115816acb1949e6419af1b4d8cfcc7f4f9b503342","0a060f4f47438383","64.63063287353515","508.29296727106873","",""
"image-612","train/bean_rust/bean_rust_train.222.jpg","","train","bean_rust","unreviewed","500","500","107141","d23b8d1ed179ee72ed674648fe8e7cf04c67ccf1f396d862d916df9bb9fb97b3","bf353f070703474f","89.2798212890625","342.0775263374784","",""
"image-613","train/bean_rust/bean_rust_train.223.jpg","","train","bean_rust","unreviewed","500","500","123774","a3fa75a3575e33a918cded4c954bc9726b557a737ff33a28124d6114a32ee36f","4e73cb9a1b1ca773","131.32713232421875","700.1829007350976","",""
"image-614","train/bean_rust/bean_rust_train.224.jpg","","train","bean_rust","unreviewed","500","500","127990","322dc167f758008cefd10904cc0b266f43fe522b225f14215b2de5f96d72dd1b","a78e8ea7263e1b37","96.53291595458984","1319.771198809701","",""
"image-615","train/bean_rust/bean_rust_train.225.jpg","","train","bean_rust","unreviewed","500","500","152870","63846673c468e8b23463a51c9b61cb1d20fae60c1a86af247972f42fe9beff68","0b0f0f0f0f0f979f","117.87526495361328","1603.837022093992","",""
"image-616","train/bean_rust/bean_rust_train.226.jpg","","train","bean_rust","unreviewed","500","500","114888","f8b9eea1ace4aa0645df97007b2616b8a3f03ed87d21f3980efcd02031747424","450f1f3b39277df8","120.8012261352539","698.9242745999667","",""
"image-617","train/bean_rust/bean_rust_train.227.jpg","","train","bean_rust","unreviewed","500","500","183278","ea1c614cd43babf6a79ee5fffcbd79cc32b65a3d9c19534b93f6416014757f16","e50c0f2f3b331701","132.8972593383789","2971.96159463301","",""
"image-618","train/bean_rust/bean_rust_train.228.jpg","","train","bean_rust","unreviewed","500","500","154819","60dbaa0b1ba3f6de5e75ccbf89e7cc0ac8dd2185b9f2f7f492a3bdf5b8ec8fc9","624b970e1e34e0e5","118.23624383544922","2785.4267826565433","",""
"image-619","train/bean_rust/bean_rust_train.229.jpg","","train","bean_rust","unreviewed","500","500","143374","273becbaa21de41d6fff75216b8efe9d6cf155e749b4276b7c336d6d5223401e","171c1e0647737f1e","127.29187792968749","1779.1910829428664","",""
"image-620","train/bean_rust/bean_rust_train.23.jpg","","train","bean_rust","unreviewed","500","500","110196","94f3b2a192fdc81a441117c515fae7332d2ae03ae40253561384f0c758e15075","869e03474749c9c9","113.92956225585937","563.0453215699297","",""
"image-621","train/bean_rust/bean_rust_train.230.jpg","","train","bean_rust","unreviewed","500","500","156997","d2f97cb6737ea88e611a4968305cff38efa78ce66cef7e76639ff20447c32c62","c20e5c1d33c34735","78.07988275146484","1823.3637216041702","",""
"image-622","train/bean_rust/bean_rust_train.231.jpg","","train","bean_rust","unreviewed","500","500","166748","36c0dd2233a45d085a6d7af4d5d8a8e1d3910c012b1d09c753abd447d0fae92c","8c8f8d9ebb337876","110.53493933105467","2486.418936357122","",""
"image-623","train/bean_rust/bean_rust_train.232.jpg","","train","bean_rust","unreviewed","500","500","147750","d4c9304e74a8b8ad9a658aff34a850916d93f5b4cd8bb5835215239e5c730556","8387070313d33312","106.02019689941406","727.0498521130063","",""
"image-624","train/bean_rust/bean_rust_train.233.jpg","","train","bean_rust","unreviewed","500","500","161716","9bdf8c528e51906a156d895bf3fb257aeab4495a1773cd6d8c1858683fca2220","c7390f071891135f","110.21164666748047","2222.971145486592","",""
"image-625","train/bean_rust/bean_rust_train.234.jpg","","train","bean_rust","unreviewed","500","500","163402","4d42892507a3b060a2faacd8410e586252e0d9eb0d50a44ef341884c0cfe0aca","9f9e8cba1a1a9edd","97.10373095703125","2936.5640577481745","",""
"image-626","train/bean_rust/bean_rust_train.235.jpg","","train","bean_rust","unreviewed","500","500","130462","91c1fa16436fb790a4bd8c9657ab1b9da47861b764b11d9cd08106acdb958143","1b4c0d0f96130111","109.32626776123047","782.9161702362499","",""
"image-627","train/bean_rust/bean_rust_train.236.jpg","","train","bean_rust","unreviewed","500","500","110577","4fe9175860a1e7c9be90a2f2593f5b6d2d315cb9730827c43115cb62e49a4687","c64603b3333e1e87","120.61350115966796","447.6706228231613","",""
"image-628","train/bean_rust/bean_rust_train.237.jpg","","train","bean_rust","unreviewed","500","500","140863","62964c4635ca8e021d4fddcc132149b2ea876bffb5a543f3509cc104e92c3d28","eb0fdb1f0f47c3e3","139.07064440917966","1206.0473429489186","",""
"image-629","train/bean_rust/bean_rust_train.238.jpg","","train","bean_rust","unreviewed","500","500","124596","f8705bb904d9db33b03c30d2ee1c7c50ed1556338e86fd1e889fb0ea855a0fc8","9e13372e18c9d9b8","96.20469921875","554.4914822145395","",""
"image-630","train/bean_rust/bean_rust_train.239.jpg","","train","bean_rust","unreviewed","500","500","168517","0ed6d7c888ce3d890f76d8313aa28a97b8613d0e905b3b00498489bd100d05d2","c4c4201dd973979f","93.69899291992186","2353.9393504392715","",""
"image-631","train/bean_rust/bean_rust_train.24.jpg","","train","bean_rust","unreviewed","500","500","131001","b6673dd3075c2b16e8b474c5516250be1a0e14a407deffa5645a506edf532c7d","1c1d1b3b8f87c1e4","77.55078930664061","1260.1686545096386","",""
"image-632","train/bean_rust/bean_rust_train.240.jpg","","train","bean_rust","unreviewed","500","500","187697","04072b5a7a5f3d0737708c100daa8f77c49ee6ab264679f15ef554d17b39f7b2","272727078f8f0e08","136.21735607910156","2035.9040655981976","",""
"image-633","train/bean_rust/bean_rust_train.241.jpg","","train","bean_rust","unreviewed","500","500","114691","c922175dad44ab1feec63e6e6cc7b72f30e56fec8209448cba42066f463cc9fc","3ff7ef0e9e2c0569","128.20194720458983","664.251275929487","",""
"image-634","train/bean_rust/bean_rust_train.242.jpg","","train","bean_rust","unreviewed","500","500","148561","6232a7a69ef58306600af65eb663b8ae7e33efa116a969774e236744f4029bf9","bfbebc3131602301","95.4541558227539","1070.0914427673476","",""
"image-635","train/bean_rust/bean_rust_train.243.jpg","","train","bean_rust","unreviewed","500","500","213864","d3d72a249ded569db46dc8118b929d48aa3382b4046e8b9aaad832066f3118d5","ffbf3b0bce464f2f","99.39846630859375","2781.0574314599617","",""
"image-636","train/bean_rust/bean_rust_train.244.jpg","","train","bean_rust","unreviewed","500","500","127181","1975208b79d346c2777bf3eba17bee4b772373f88254bf2cfeefebc441d8405b","ebee47411b270f07","85.51900244140626","785.354656919818","",""
"image-637","train/bean_rust/bean_rust_train.245.jpg","","train","bean_rust","unreviewed","500","500","102747","2a92eb9161214bea53e896bcdbbea8cff1519a405c41062608454da013ca9261","070f1f3bb31f0e0c","130.82630993652344","339.93541212239177","",""
"image-638","train/bean_rust/bean_rust_train.246.jpg","","train","bean_rust","unreviewed","500","500","175763","cebf0ea279b3e2b0e9c6ae6a27d6b0a06fc836f1287f70019f3dd7ebd28f4dcd","5e4cc4578fe1e3ca","121.59461065673827","2258.6621296351445","",""
"image-639","train/bean_rust/bean_rust_train.247.jpg","","train","bean_rust","unreviewed","500","500","116980","10f53015111fe858b921298664dc85807caf3f8079dde3554ab7f1a7def2faf3","0d0f2fcf8e872723","91.69162518310546","648.2240946684716","",""
"image-640","train/bean_rust/bean_rust_train.248.jpg","","train","bean_rust","unreviewed","500","500","148093","233d24afe99086f94f73d7e4a9179fdcd79b1cb95456e6007995f14a472d60e5","050d198dcbe7e5e4","137.58208227539063","1796.1835946119913","",""
"image-641","train/bean_rust/bean_rust_train.249.jpg","","train","bean_rust","unreviewed","500","500","139536","2fe1eed613478b91a30e36fe9fba68761c6c17287f97e5d1890e298789a4a8e6","26b45f1b1bc9d1e1","93.27568206787109","1633.896420381754","",""
"image-642","train/bean_rust/bean_rust_train.25.jpg","","train","bean_rust","unreviewed","500","500","94918","8cfdfa0b3ffdd9310dd4cfd1a9666d84fb4e94cdcf270441c7b863223fa44178","cfc7177543890f8f","85.7756856689453","412.900400712065","",""
"image-643","train/bean_rust/bean_rust_train.250.jpg","","train","bean_rust","unreviewed","500","500","100479","2a532741ebf14fa90eec252cb87d127ad947e2f5ee2c7db49c370e612bab4e0f","f2cd0f1f0b33373b","98.03441107177734","381.08679831320404","",""
"image-644","train/bean_rust/bean_rust_train.251.jpg","","train","bean_rust","unreviewed","500","500","108211","915e3faf187ed75877788fdf2ced8b3f08262e81557482ddc21cbf2047b69c20","949cc263e3410104","76.01264282226562","617.9259253226513","",""
"image-645","train/bean_rust/bean_rust_train.252.jpg","","train","bean_rust","unreviewed","500","500","133399","4f12e8c5b5ba17f965e84f17a883a5abd2c327d051cdd3a439ebb2fb45bc64a1","ce8f1f8f8793ca0e","120.68694482421874","1168.49677963196","",""
"image-646","train/bean_rust/bean_rust_train.253.jpg","","train","bean_rust","unreviewed","500","500","133550","18e91450b2a4af489d6c647d7581ae494d25d670b4b334d3af31c1af90d8d6da","339b1e0c1c0d6d75","98.37776452636717","1283.9691926309897","",""
"image-647","train/bean_rust/bean_rust_train.254.jpg","","train","bean_rust","unreviewed","500","500","135068","17a50760dd11bc2f808396a2ba4b5ed6c7c4c2cdd4e9677611f1dcc63899aa9a","1f878f9f372b18cd","110.65684216308594","983.4563197810332","",""
"image-648","train/bean_rust/bean_rust_train.255.jpg","","train","bean_rust","unreviewed","500","500","135896","49a889b746ed4f0309e87a00266fa4d5fcb05f1ffd4c586a944f41f684675644","ef6bffc78f8b8b27","117.59049121093749","1848.8871021196092","",""
"image-649","train/bean_rust/bean_rust_train.256.jpg","","train","bean_rust","unreviewed","500","500","152792","2c1b028b98e54a9e8987966f54405e44edcc361ba0826a5f468da659d05c10a9","03456666d69f9f1f","146.85672857666015","1362.972355639844","",""
"image-650","train/bean_rust/bean_rust_train.257.jpg","","train","bean_rust","unreviewed","500","500","116500","801eba832ca1060110cf1d0456c0c0aae425264872f4d18256bd3ba3fcd7397c","4c6d8636737bf3e5","136.43957458496092","871.1936769156252","",""
"image-651","train/bean_rust/bean_rust_train.258.jpg","","train","bean_rust","unreviewed","500","500","145582","d1c9a5880041213041ef1b2e6d8b0a9d907faab7f7b2dbcde1fa8f4ff6d2332e","34363717cfe7e3c3","152.70963299560546","929.1984220288855","",""
"image-652","train/bean_rust/bean_rust_train.259.jpg","","train","bean_rust","unreviewed","500","500","133365","ca74c1e4785e011b0ffa3f7fb93fc2210d9ea3999d93c7e75416729cde676ccd","efb63f07030bcfc5","108.56883856201172","1430.771997229967","",""
"image-653","train/bean_rust/bean_rust_train.26.jpg","","train","bean_rust","unreviewed","500","500","142127","f1be7a6a23f2a6f2cbf83d852b176b9ec7cd11307091577cb9316af501083cf2","030b0f07030181b0","90.25525079345702","503.32227952716585","",""
"image-654","train/bean_rust/bean_rust_train.260.jpg","","train","bean_rust","unreviewed","500","500","115331","c8f29a650ac05a7afe122ea4282d110bd882d6b8014905c0826be859c641a248","07268343c3472531","99.7396245727539","412.0309038525582","",""
"image-655","train/bean_rust/bean_rust_train.261.jpg","","train","bean_rust","unreviewed","500","500","125359","9fce2b5c4a686480be6f8f9675f2f6ab227c69d71190ff88efe17cb3d3389ea9","24626c6c27848c80","122.16063964843748","1667.91255034898","",""
"image-656","train/bean_rust/bean_rust_train.262.jpg","","train","bean_rust","unreviewed","500","500","175002","5c1ab97889316e564f1a02c4d60be9cda2d4c39af160bbb4ef26bf95c233a7e6","11396d5c0f438f96","146.06399273681637","1844.56021903123","",""
"image-657","train/bean_rust/bean_rust_train.263.jpg","","train","bean_rust","unreviewed","500","500","146052","e861a1fc0654da9ac464e08d537715589841fe7ec557643c450e984034a921c5","07070b0b032e4f1d","100.27300231933593","676.5278403356896","",""
"image-658","train/bean_rust/bean_rust_train.264.jpg","","train","bean_rust","unreviewed","500","500","143922","664b5d114f056f85fdbc59c09ade818a695c7ba83c553eff4bd5c01700ca2a00","6b343563699b1b63","89.18726708984374","1332.2554596899492","",""
"image-659","train/bean_rust/bean_rust_train.265.jpg","","train","bean_rust","unreviewed","500","500","124442","f06cdbc75cd090226d1a5c5da4234075212f7ce1bdcecfef79d50dea325325b2","7012828e4f032323","92.65563409423828","789.6998952079605","",""
"image-660","train/bean_rust/bean_rust_train.266.jpg","","train","bean_rust","unreviewed","500","500","155212","a581eacc6ee515a98dcc1764580922b0efd15e89984c3b6464b9f3fef789291d","6d4f0c0b191d9d90","96.87444805908203","1767.374031714094","",""
"image-661","train/bean_rust/bean_rust_train.267.jpg","","train","bean_rust","unreviewed","500","500","147722","fd729c0668aec34ce7f965161faee7302ac683e8cb788b1f68bb2a38e412df43","1a171e7f4d5b8b8f","100.55234838867187","1493.78527636046","",""
"image-662","train/bean_rust/bean_rust_train.268.jpg","","train","bean_rust","unreviewed","500","500","124124","c384f0b5ec0ffe93127c5a9ed115e1fe47dc3c6624e4276a9d954a39e02e7915","bd0f03098b074746","98.18482025146483","440.50779856823175","",""
"image-663","train/bean_rust/bean_rust_train.269.jpg","","train","bean_rust","unreviewed","500","500","109623","06fd1e5a679447284f601c218ff604b1d7b889cb94bc8b272053b4afeeb2bcbc","0a0303830161e5c1","122.35844927978515","324.2002998151262","",""
"image-664","train/bean_rust/bean_rust_train.27.jpg","","train","bean_rust","unreviewed","500","500","141869","8662c34629a815d34d24b7cbb37851a755ea6cd3472c315037d23f7d446c45bc","0f0f3363674363e3","168.68369702148436","890.5730396327561","",""
"image-665","train/bean_rust/bean_rust_train.270.jpg","","train","bean_rust","unreviewed","500","500","127375","4b0b9533e5c5ea1dc8f7c6bfa1d885eeb264c3097c1da8b5a1afd44f5a199f9c","e4941c1d150e17e3","84.80167022705078","571.1282381431745","",""
"image-666","train/bean_rust/bean_rust_train.271.jpg","","train","bean_rust","unreviewed","500","500","131550","a76f18c4d60130b23d4a80c7e891947812ccd8c70e48107f650324e516338db1","1e1db327f4301992","157.66294616699219","1024.02955995075","",""
"image-667","train/bean_rust/bean_rust_train.272.jpg","","train","bean_rust","unreviewed","500","500","112830","022ae2aef2701d809e94cdedc0349ea3e273e9c7397dab40372c6f897cc3acaa","790f0f8f87c3c39d","70.39321221923828","534.3346917496085","",""
"image-668","train/bean_rust/bean_rust_train.273.jpg","","train","bean_rust","unreviewed","500","500","118056","7b684e0bd656418f82180cd694050a844d6398533ac22ddea94728251860cade","59df9e17178288e6","86.90230474853516","1503.824378238662","",""
"image-669","train/bean_rust/bean_rust_train.274.jpg","","train","bean_rust","unreviewed","500","500","145463","6b9b5594acde9f3e030cd30db3f6c0d21067aefeda929a1a6333a18d7ca8b25c","7f7f8f8f0e0e9f9b","140.60567486572265","1044.8759930373922","",""
"image-670","train/bean_rust/bean_rust_train.275.jpg","","train","bean_rust","unreviewed","500","500","161473","fddcf604efd3ccb4a6e5c3e568871d9b8a9940f4a1e98bb128d5a28a9cc1abef","3431063c3e9c9c9c","128.4024970703125","1515.507380856822","",""
"image-671","train/bean_rust/bean_rust_train.276.jpg","","train","bean_rust","unreviewed","500","500","104647","694dcf93f7521ec9e7a71c09aa2560cccb0fceb9e6e2d230c9b179e0dee27e7b","0f0f1f1f7f3f9b1b","92.23858489990235","247.69979518143285","",""
"image-672","train/bean_rust/bean_rust_train.277.jpg","","train","bean_rust","unreviewed","500","500","132099","9a66aff8bb957f1deeccf9dbcc13df3d2649c14b80564dab66e7ce61ea136a94","f1e188b9f8c66121","113.64088232421874","1200.975019314784","",""
"image-673","train/bean_rust/bean_rust_train.278.jpg","","train","bean_rust","unreviewed","500","500","132217","fbc1d0b100f39bcf7930350ba5158f6c4b8884ae0b1adf60153280a0150104e7","e525294c0c523637","102.03400134277342","874.3866094499873","",""
"image-674","train/bean_rust/bean_rust_train.279.jpg","","train","bean_rust","unreviewed","500","500","140574","dbfe0b9266da886ac655fdf073e73e31b7c9c62de1d30ae9c154c547eda7ac30","0e4e0cc4a030b090","111.57562963867187","800.7587477324632","",""
"image-675","train/bean_rust/bean_rust_train.28.jpg","","train","bean_rust","unreviewed","500","500","112831","eb3a518ad02ca5a74f541be7ee2cb1984a912b50139685c80f0f2fa9654b2dd3","319111838f870732","82.15809014892577","409.4380767965521","",""
"image-676","train/bean_rust/bean_rust_train.280.jpg","","train","bean_rust","unreviewed","500","500","165308","366e7733c4a7e173b40d083b0a6de87e559b66e7661fb952e301a3257d6f5946","066fa98d80010541","146.50783013916015","1689.2797741217755","",""
"image-677","train/bean_rust/bean_rust_train.281.jpg","","train","bean_rust","unreviewed","500","500","129767","126219faf1a5783968c4bd040b11f67f564a4b6bd1f098dde7ed36c331265250","b1919d8ecf0f6767","123.26116833496093","1138.891179105875","",""
"image-678","train/bean_rust/bean_rust_train.282.jpg","","train","bean_rust","unreviewed","500","500","167905","2e3ed5c6a69638596169831f9946dff7b06cbd8060f626050a2cce9e9a602871","892d2f0f2b3123b3","93.08147064208984","1299.8259883197634","",""
"image-679","train/bean_rust/bean_rust_train.283.jpg","","train","bean_rust","unreviewed","500","500","134848","866182f73d969d9843caa5c36eb1f3a6bd407c998a90c7f324273c924c4ea9d1","16c7c7e773f33373","119.72186993408204","1324.987488041791","",""
"image-680","train/bean_rust/bean_rust_train.284.jpg","","train","bean_rust","unreviewed","500","500","190803","a474a2de5d7821d21187755e51afeeaa0ee170ba6bc3e4106f435fec24c5abcb","3a3a1f0f1e9e1f3f","127.1455225830078","3716.3520660334684","",""
"image-681","train/bean_rust/bean_rust_train.285.jpg","","train","bean_rust","unreviewed","500","500","111327","192a0ec3db2ffb16277a330ccf80456c5d2907b74f703c09eb93f2c75abe4dda","cc8c1636310d2b6e","128.2666245727539","474.4172400947326","",""
"image-682","train/bean_rust/bean_rust_train.286.jpg","","train","bean_rust","unreviewed","500","500","110828","fd0235dc622e3f67ffd5f617d2853e691a77879720e943bfb891bf227fe73fb1","0b0d0c8f1f1f5e6e","129.43634472656248","567.1403121151495","",""
"image-683","train/bean_rust/bean_rust_train.287.jpg","","train","bean_rust","unreviewed","500","500","165108","c16fede36c67e381115f629cd0efa3dee944aa2dc071a36865a0a9c350adf479","6c0e0617070f8f8f","155.6618215942383","1076.458716220859","",""
"image-684","train/bean_rust/bean_rust_train.288.jpg","","train","bean_rust","unreviewed","500","500","157407","de8c9df890e2917a36721fb3b6ba730f06fd4c78d462a2941171018b6a1f336f","2b4e4c3123f3f1e9","140.61802954101563","1794.8497690145607","",""
"image-685","train/bean_rust/bean_rust_train.289.jpg","","train","bean_rust","unreviewed","500","500","101157","76829d0fc5672fe796f0570bba027b97a59a89f67b0d251aac924d84ad3f2aa1","cc4424250407367e","84.64615704345702","524.1948721173588","",""
"image-686","train/bean_rust/bean_rust_train.29.jpg","","train","bean_rust","unreviewed","500","500","166853","9ccc1be4f088513d1ddc3a11514b06f44dd2500e4b6d835e90e5149d5b068eae","0363278787070707","154.9736686401367","1817.706333939298","",""
"image-687","train/bean_rust/bean_rust_train.290.jpg","","train","bean_rust","unreviewed","500","500","121464","157b18e08757237af06c89ded51d13f8aebcc11bd9927546b961d8861ccfba84","2c0462c031818385","99.7727451171875","863.8740474158026","",""
"image-688","train/bean_rust/bean_rust_train.291.jpg","","train","bean_rust","unreviewed","500","500","107847","45e983c8f9a5925bc00663e38681fccc5d7932fff3394fbda2017ff90431ff98","378d871c1c3e63af","120.82051098632812","406.7939885565923","",""
"image-689","train/bean_rust/bean_rust_train.292.jpg","","train","bean_rust","unreviewed","500","500","176338","2eef909d68b6e93a660879743af4c8018cc43b36a8a0c134ed0a614dd072d8db","e4f2b01e0d8c8f89","97.06116772460938","1945.094164998272","",""
"image-690","train/bean_rust/bean_rust_train.293.jpg","","train","bean_rust","unreviewed","500","500","121825","9994e824ca129fb40661fa67c775b75ba989881a168a0d527f4ffb0a56950fcc","5925e5e733630b03","129.28673767089845","881.94958914906","",""
"image-691","train/bean_rust/bean_rust_train.294.jpg","","train","bean_rust","unreviewed","500","500","129698","230c816837fd37fe096f8d0d5bd5827831efb63f736ef8cbaf39c09394134114","b3183c1c141c1c66","124.15736352539062","1143.3458145686727","",""
"image-692","train/bean_rust/bean_rust_train.295.jpg","","train","bean_rust","unreviewed","500","500","117269","835c02d21fb13f3434e73dbddc303ca4f84216c70fcbdb45c8ebcd07c3df66c3","188c1a1bf1e1cdcc","124.19074072265624","1125.564627932668","",""
"image-693","train/bean_rust/bean_rust_train.296.jpg","","train","bean_rust","unreviewed","500","500","115746","104f573dcbf7baab3726b4c3b74f6a9448a159f8a8beed74c90748fd000ce1fe","076666052c79d9f9","126.81109277343751","641.4733821354482","",""
"image-694","train/bean_rust/bean_rust_train.297.jpg","","train","bean_rust","unreviewed","500","500","117454","bf642c4890dabebf288f8e46916f636730ac33e4605683e4d10fcb1d3836daf2","7c8ece8e99e1973e","109.02810919189453","1328.4086483817787","",""
"image-695","train/bean_rust/bean_rust_train.298.jpg","","train","bean_rust","unreviewed","500","500","102278","4c1b599814ce5104c1535ec103a557b9a36bec62e62588426d70b10c4b6bcb70","a68f9f9f3f3f7d1e","92.73774829101562","228.29608889431128","",""
"image-696","train/bean_rust/bean_rust_train.299.jpg","","train","bean_rust","unreviewed","500","500","202395","8de174446eba73912d7bf8460268e0b2cded4bc8bb3d324b36c2f1bc0f41dc70","86032921618d0dcb","79.89821380615234","2062.7729835886125","",""
"image-697","train/bean_rust/bean_rust_train.3.jpg","","train","bean_rust","unreviewed","500","500","88995","18dc479cb7b96982bff13536a948c410066773e5df6e0ae22eb901a759e1b94d","05266d090f6f474d","103.74651770019531","265.28396966741576","",""
"image-698","train/bean_rust/bean_rust_train.30.jpg","","train","bean_rust","unreviewed","500","500","159160","0365f72a067e356dadb62dfedae4db847ef03c040a19a284937cae89723aa192","69181b23b3337356","139.55967791748046","2525.726181400592","",""
"image-699","train/bean_rust/bean_rust_train.300.jpg","","train","bean_rust","unreviewed","500","500","141475","7ec929c7bd8bbaec0b750755c95ced555be703ded2ecbe3fb05163334cb3a775","4d4d0f270506261e","123.0856675415039","1077.8295261467526","",""
"image-700","train/bean_rust/bean_rust_train.301.jpg","","train","bean_rust","unreviewed","500","500","171547","eed0d1fe49db3b3257cd1895bae50cce98752944185604c83bcd9274c694af9d","4f0f0f646f33b3a1","145.181845703125","2345.7792720595608","",""
"image-701","train/bean_rust/bean_rust_train.302.jpg","","train","bean_rust","unreviewed","500","500","152961","5b0f0bc7ec9ca46c9b002f65897cf53334d6ef6ba26ef5546f2f8c81574f9537","ba3327270f9f1f1f","90.2256206665039","988.6506912711988","",""
"image-702","train/bean_rust/bean_rust_train.303.jpg","","train","bean_rust","unreviewed","500","500","161177","e402a3c0a3134ce802cea9e0819a3fc1e700fa426af458fd31f6e31ecea7e910","4d19190e1b1b0646","137.7573323974609","2977.4642018962395","",""
"image-703","train/bean_rust/bean_rust_train.304.jpg","","train","bean_rust","unreviewed","500","500","122857","69afec19b069046172b744e7b2182af7223d38f64cf7e5534ac336761887fa10","ad1d3e4f6f6e666f","85.27653326416015","1220.9463532149823","",""
"image-704","train/bean_rust/bean_rust_train.305.jpg","","train","bean_rust","unreviewed","500","500","136039","e23a1ea51894bd1263f354c51d8b8044e9087d5e37763d2ddafefc541dde384d","970f1a0307230f07","122.97253057861326","1010.7109344879901","",""
"image-705","train/bean_rust/bean_rust_train.306.jpg","","train","bean_rust","unreviewed","500","500","158812","dc4bd04f7eba699466979956fcae83392cc4b9416d5d3013448adad5ad604493","8329995b434f2d23","75.71834051513672","1578.1031004729214","",""
"image-706","train/bean_rust/bean_rust_train.307.jpg","","train","bean_rust","unreviewed","500","500","166850","35322d38b454ba693c0e2a18927e1f6bc0524377fe07a2aa53afbfe1ab0f58e9","8e0e32706767ceca","129.7732661743164","1879.6180568596365","",""
"image-707","train/bean_rust/bean_rust_train.308.jpg","","train","bean_rust","unreviewed","500","500","112777","4247f2caade10d731bab4b9627c680aa3d1da424f55b62c0fda0b4b86c65da61","8e8707276371e9c8","117.58368170166014","436.04809163365576","",""
"image-708","train/bean_rust/bean_rust_train.309.jpg","","train","bean_rust","unreviewed","500","500","123722","637f00aca336990e33a00139adf7e734a7c884a8490f2164fcca137a750dc89e","999e070300808173","124.89452691650389","517.8839420864766","",""
"image-709","train/bean_rust/bean_rust_train.31.jpg","","train","bean_rust","unreviewed","500","500","133461","46e584abddecfb935da5bf0649a231443b4ac234310b369d1eae1f1b6caa9cbe","91c51e1e07070f4f","109.96172882080077","759.2025681842375","",""
"image-710","train/bean_rust/bean_rust_train.310.jpg","","train","bean_rust","unreviewed","500","500","125258","f9ac3f6557267115ab97e96c2f2127ea04bd98e93360339c81e0cae5809507c0","63c6c7caf8f964ec","129.18506787109374","896.2091784034641","",""
"image-711","train/bean_rust/bean_rust_train.311.jpg","","train","bean_rust","unreviewed","500","500","140794","a0831aca8a2c48e6d56f9316f9bc1970792e0b21b06a8cc1a38b7c0fd39467b2","1e0e0f173f27434b","143.6017777099609","923.0977326110374","",""
"image-712","train/bean_rust/bean_rust_train.312.jpg","","train","bean_rust","unreviewed","500","500","183584","45ae1938e0b22a1301ade726a801070c9b533939691fd4476c258261ab43d1f9","4e3a362763c345c4","100.93468200683594","3199.871291839848","",""
"image-713","train/bean_rust/bean_rust_train.313.jpg","","train","bean_rust","unreviewed","500","500","131522","0c37cac68b2aa0af28d44d035a63b1b770f0ee6d087441f5947fa72068464026","86050d078784393f","140.2186378173828","841.2083874858495","",""
"image-714","train/bean_rust/bean_rust_train.314.jpg","","train","bean_rust","unreviewed","500","500","159474","76addd7f0ff392996eb957cc33335c65bdbd36a434a1e979d831db7662bfe67e","3443c9e96b6b7353","137.28666442871094","1057.4203996057513","",""
"image-715","train/bean_rust/bean_rust_train.315.jpg","","train","bean_rust","unreviewed","500","500","120237","c178f670e21b5a5097289fafafaee290209084087ed18bc650993df4d4e0679d","dfeee7c7e7cfcbdb","122.37906396484374","860.3715117530239","",""
"image-716","train/bean_rust/bean_rust_train.316.jpg","","train","bean_rust","unreviewed","500","500","150956","71d554dfabf8e6056bc34e6ec04fddd4c279d77cf7d3350411b47e3a020e179d","b663350d0d3b3b53","106.59061755371093","1453.3873013784528","",""
"image-717","train/bean_rust/bean_rust_train.317.jpg","","train","bean_rust","unreviewed","500","500","139318","d072f51460d6f9d9b8e6275ef73c49a79349c32fc5fa6006104d9f7353affefe","67570c1e36950c2c","121.6401304321289","2316.2781668739512","",""
"image-718","train/bean_rust/bean_rust_train.318.jpg","","train","bean_rust","unreviewed","500","500","142212","1a25c105457bb29bf6b8d7c6e100fea4571396bcf1d496ce4bd06d6d463434b6","76468e6f77270385","147.6122122802734","1003.9465741537134","",""
"image-719","train/bean_rust/bean_rust_train.319.jpg","","train","bean_rust","unreviewed","500","500","131824","69223e321ece4e4eaafba91ec2d45f881ea90e53e0a5e44a46d92638627bab9a","08840005190a8016","115.38692279052734","665.696400262357","",""
"image-720","train/bean_rust/bean_rust_train.32.jpg","","train","bean_rust","unreviewed","500","500","123231","8d881055fab4a5240bba11e27147a5501a9f835b02e4b006390e16efc830217d","0f0f0d0d04060283","100.73379589843749","330.434804485917","",""
"image-721","train/bean_rust/bean_rust_train.320.jpg","","train","bean_rust","unreviewed","500","500","123871","df90d636f4610e82a4198e3020789e4645f17ebd40b372f2d0f02ebaa76010dc","9dcdc3e3e3cbdb97","113.75931506347655","937.3478828130361","",""
"image-722","train/bean_rust/bean_rust_train.321.jpg","","train","bean_rust","unreviewed","500","500","184815","7cbb79e70f37d6e32e1b81cd9d5b846b8c4af79a004b1a25a8347143cdea8693","136345c1e31519a9","101.67498834228516","1996.550721485865","",""
"image-723","train/bean_rust/bean_rust_train.322.jpg","","train","bean_rust","unreviewed","500","500","129006","76b700aaa0f56b6fc1f506cb95878e4542810bdc16fca879d91b13743a0412df","27072379f8f9df9e","133.24638708496093","946.8021797170437","",""
"image-724","train/bean_rust/bean_rust_train.323.jpg","","train","bean_rust","unreviewed","500","500","104704","858ef4eff08d56faab084c782ff4e1d66bc3721f0af2446ad7a91ce28a49be33","6d4c8513908ceef3","111.98255462646485","580.2097838372557","",""
"image-725","train/bean_rust/bean_rust_train.324.jpg","","train","bean_rust","unreviewed","500","500","125846","5a89da6ef8ce78dc89f97673e117a6421645dbf9f7f8f4cc79955f0fab0c6cde","9d594f0e2c2ceebc","124.8042904663086","1257.7055447025384","",""
"image-726","train/bean_rust/bean_rust_train.325.jpg","","train","bean_rust","unreviewed","500","500","107069","4c038947298b755956273e416405314d0d4fd4ee45e6084e3bff463b544633ee","dfcfce1233170e2f","119.90857751464844","483.2214600163095","",""
"image-727","train/bean_rust/bean_rust_train.326.jpg","","train","bean_rust","unreviewed","500","500","161041","04bc46bf98b54d3fbd91d6c044073e27219a1bffdc310256c25bd2de8ee6eec3","59db7161d0070f4b","149.72458343505858","1077.1877416211485","",""
"image-728","train/bean_rust/bean_rust_train.327.jpg","","train","bean_rust","unreviewed","500","500","184594","b323b13204104cbcfb090b0cc67bf0a630808b51804b1af69f4256013ba125c6","0b4b531f06472363","141.17829577636718","2842.837141461052","",""
"image-729","train/bean_rust/bean_rust_train.328.jpg","","train","bean_rust","unreviewed","500","500","123908","3612bd5f737ad22ba342712fed90981aa8e4854ed192714e95fa87fe40c84f6a","85878f0f0f470703","92.08611376953124","1109.3631578633888","",""
"image-730","train/bean_rust/bean_rust_train.329.jpg","","train","bean_rust","unreviewed","500","500","117531","898210f23b76271b3e0ca8bb6524f3df786c93ea0651b45451e664e042abc8ef","0e064f4f87072180","108.63249676513671","1130.8283137320673","",""
"image-731","train/bean_rust/bean_rust_train.33.jpg","","train","bean_rust","unreviewed","500","500","196968","b66564be449b108e8158c71ec8c61cdff7e83f6f5d8fbcea040762d3f03d0d03","0b0f0f0b13191a0e","122.18200219726562","4888.026058231185","",""
"image-732","train/bean_rust/bean_rust_train.330.jpg","","train","bean_rust","unreviewed","500","500","132154","c3b0d5e10f7b24edad503e483d1911a1bd0caa7fbcf3a7ae30251cc6be0218cd","050f1f0f0f285161","130.05698150634765","716.2491267550503","",""
"image-733","train/bean_rust/bean_rust_train.331.jpg","","train","bean_rust","unreviewed","500","500","129291","69d6ab954b54ad18c3bc64ff65b67d5dde3c2b68ce0df4410b1ddb4f7daae98a","d9c9668f9e9ed8a0","73.73713073730468","1085.7361335158816","",""
"image-734","train/bean_rust/bean_rust_train.332.jpg","","train","bean_rust","unreviewed","500","500","110469","39907ff4bf7c689c152dde84d58cfbb96798c174e8fff68c95cefb1145475374","2d272e0e1f8d9c9d","138.03118688964844","430.1343608611373","",""
"image-735","train/bean_rust/bean_rust_train.333.jpg","","train","bean_rust","unreviewed","500","500","150062","03b3e56fbe7e5751fd6ab2fad6fb4c0c35a08756c1a5ab1389bb006b2a01607d","4c27070f27333121","97.3750029296875","1332.536681418856","",""
"image-736","train/bean_rust/bean_rust_train.334.jpg","","train","bean_rust","unreviewed","500","500","147773","4fe7f22e167dcc2a45dfab9cf8d17ee74c175c01018f3284cd9fa3f241867057","071f3f3726aea343","135.6863971557617","1272.9057598974946","",""
"image-737","train/bean_rust/bean_rust_train.335.jpg","","train","bean_rust","unreviewed","500","500","126864","ee3612ff082f2f30caa5665bb9888870ddcb93be115fb441fd6817e690a6c642","6817054d6e769989","70.64666357421873","1244.1241112666867","",""
"image-738","train/bean_rust/bean_rust_train.336.jpg","","train","bean_rust","unreviewed","500","500","105174","f48074b508cc0b076792415deae4dcf8d87a1e360a8d8a3383f88c12dcaa5085","09190b9b921090c8","136.94766522216798","616.0002338308428","",""
"image-739","train/bean_rust/bean_rust_train.337.jpg","","train","bean_rust","unreviewed","500","500","122394","b0d6e2da5931a57172e107d3db6cb2bcc81acf3e461c64d503b2e3a3c3397d49","73e38f9b3373a327","116.75345257568358","683.9191364121915","",""
"image-740","train/bean_rust/bean_rust_train.338.jpg","","train","bean_rust","unreviewed","500","500","125241","8b1115b956cae7f46c47028eb470fe51c3d8bb48a0690f544e21627dcb953389","c61b1d3dbf3f1743","113.07166552734375","1044.651793030115","",""
"image-741","train/bean_rust/bean_rust_train.339.jpg","","train","bean_rust","unreviewed","500","500","114711","5b7c6c8c682cd727050a5bfbd2a0bc22a56e43620e34063ea2d7bfe64cfcc9f1","210b0b1f3f1606c6","90.25760986328125","499.5552407958364","",""
"image-742","train/bean_rust/bean_rust_train.34.jpg","","train","bean_rust","unreviewed","500","500","154486","d09b19ef2b27bca7da523c368e914b824ddfb77f41fc80616cf49bc297521d10","32371e1d5b137b61","76.28740264892578","1605.5191567377876","",""
"image-743","train/bean_rust/bean_rust_train.340.jpg","","train","bean_rust","unreviewed","500","500","123217","ca1a4d28dd27ab822e9025577e0882c5333ba1606a9382bef0eec19a537b09d4","b4566b3b2f8f85dc","128.2320599975586","1038.9186998478267","",""
"image-744","train/bean_rust/bean_rust_train.341.jpg","","train","bean_rust","unreviewed","500","500","119887","ca08cac7570ee9f68720a793fef9ced9b01f79c03465324612cfcc15ec7f0546","0406466ecc8c7030","126.2160366821289","826.2222523087895","",""
"image-745","train/bean_rust/bean_rust_train.342.jpg","","train","bean_rust","unreviewed","500","500","184487","5206f215bd10680d832c1ff8e5e45ec9db030d27a944582e0a82f28541448077","d5d7df1b9f8e8c0c","137.17370306396484","2667.3573804713465","",""
"image-746","train/bean_rust/bean_rust_train.343.jpg","","train","bean_rust","unreviewed","500","500","99648","17bfdac52228d5880c099c81ed92a39aa89c2bbd357ac52e85321ffdb14d4a2f","63c70747070b0f41","128.8564455566406","454.95559382077124","",""
"image-747","train/bean_rust/bean_rust_train.344.jpg","","train","bean_rust","unreviewed","500","500","141783","9755507cfb97afb66a8ae39d39631f58fa236b7e2b130c55161d3795e8d6ad47","2f0f36b6bd18198c","117.02575384521485","990.8491241365724","",""
"image-748","train/bean_rust/bean_rust_train.345.jpg","","train","bean_rust","unreviewed","500","500","116547","31461eb2b401b78891cc7d9cb671b50d02a9881ef066d97178b8a6e8fd4f48af","37973727138f8f07","125.06465136718748","912.0677082800643","",""
"image-749","train/bean_rust/bean_rust_train.346.jpg","","train","bean_rust","unreviewed","500","500","115751","711a57bc8277f9d0ca20d18a9f66c828dd4ab61255e24bce22bc5df9a6aaa4f1","ae461b3b7b6f6c88","121.35957385253906","915.5785640034484","",""
"image-750","train/bean_rust/bean_rust_train.347.jpg","","train","bean_rust","unreviewed","500","500","112777","c03398ac6dfb111cc31630488a98cbd2103364a2e993ffbeca1273442a65eec7","0b1b1f1f2f0f6160","86.96913806152344","510.90121904917333","",""
"image-751","train/bean_rust/bean_rust_train.35.jpg","","train","bean_rust","unreviewed","500","500","138960","1d9cb6a3592c13d431e83d0c86431ea33c0b8bff2cbefb0c660c54f099d01295","3dc7073777e36303","128.3386470336914","1704.5670678173392","",""
"image-752","train/bean_rust/bean_rust_train.36.jpg","","train","bean_rust","unreviewed","500","500","115818","f248cdc7da9113633dc75ef0896c4039ce715f4dad5bd36f59321043e9583a37","a6e6c48f3537ae2f","121.95634655761718","680.5613052607079","",""
"image-753","train/bean_rust/bean_rust_train.37.jpg","","train","bean_rust","unreviewed","500","500","156563","8158541fe6c92abf544f135586e935b7c43da7071d29d1e7ff59965f87e2ddfa","1f078d8f0f143878","141.1288630981445","1340.9621552655694","",""
"image-754","train/bean_rust/bean_rust_train.38.jpg","","train","bean_rust","unreviewed","500","500","153114","f51ea1ed59a57df673990d2106a4e13ccee8a537af591ab3200b56f5cda480b4","df87232347070f07","144.30860614013673","1577.1901999044826","",""
"image-755","train/bean_rust/bean_rust_train.39.jpg","","train","bean_rust","unreviewed","500","500","174426","4ee25e069b466ffd0c3135c0ed99fdfd2a29a24fbc2211f0c5b0dfc24762e364","8f1f0e0f1f1f0f86","134.5382556152344","2402.5769139029344","",""
"image-756","train/bean_rust/bean_rust_train.4.jpg","","train","bean_rust","unreviewed","500","500","121565","f564475dc4181a66a07300a16e20620ec340e06962e56bd8750303d610d14cb9","073c0f0f1e0e2c1c","142.74503845214844","1132.9922948633264","",""
"image-757","train/bean_rust/bean_rust_train.40.jpg","","train","bean_rust","unreviewed","500","500","166525","9922cb1731c661fc6f888f303add9a04166b0b997868ecdde32df14f6e4059c6","f1d8e8682d0f87a7","126.10033587646484","2649.413919648983","",""
"image-758","train/bean_rust/bean_rust_train.41.jpg","","train","bean_rust","unreviewed","500","500","129989","59171d6727c9fef86c9e0c006afbc0d9b1d2fa111a923ff189fc300c383f0c44","04060e0e2e3633e2","86.95263397216797","984.6440085843128","",""
"image-759","train/bean_rust/bean_rust_train.42.jpg","","train","bean_rust","unreviewed","500","500","128763","c22b125a008cd0516e6183bbf95ead01f45526d9641e2bee22fb5b3e2a9bb2d8","838747662243c7c5","121.87312982177735","1147.7919538051633","",""
"image-760","train/bean_rust/bean_rust_train.43.jpg","","train","bean_rust","unreviewed","500","500","127148","876c4b9903f374b261912350009926adf9158bc6b11959ba8181333520a022c7","0f1f3727c34f234b","169.80060888671875","631.0047442832833","",""
"image-761","train/bean_rust/bean_rust_train.44.jpg","","train","bean_rust","unreviewed","500","500","134202","f96429221e5cd33bf9e8e320ff08f7f13fe06e543d2c24ef4dc3ff6fa6ed15b6","959b27134f2f2b3d","152.3357310180664","867.430770786854","",""
"image-762","train/bean_rust/bean_rust_train.45.jpg","","train","bean_rust","unreviewed","500","500","118471","7950231dd58ac3b55723cd6298e9a44d5756d645f25655a978d2341f4308609d","8707178f8e1f3173","84.74596545410157","641.3216987161965","",""
"image-763","train/bean_rust/bean_rust_train.46.jpg","","train","bean_rust","unreviewed","500","500","143622","ca082b7f25749d238da861dc26c00a7b00d08a15669c9df1596c762107a66f52","07070b9b1b0b1b1f","106.36407025146485","494.3989869559164","",""
"image-764","train/bean_rust/bean_rust_train.47.jpg","","train","bean_rust","unreviewed","500","500","117213","19f25ae107726f6d7acb76403c99c1e732c9786a3af50393d6d8d17c3f82ee34","46df9f9e1e36272f","118.96939837646482","761.9818914780262","",""
"image-765","train/bean_rust/bean_rust_train.48.jpg","","train","bean_rust","unreviewed","500","500","172103","45e9d6c1124f8782fca476adb64f63c8d4c7ef3385e4403d9c4e82b2617b751b","828e8e1e0e06271e","88.58907983398437","1603.935155476111","",""
"image-766","train/bean_rust/bean_rust_train.49.jpg","","train","bean_rust","unreviewed","500","500","143035","002b56e1535db6993025a8787fdaf57eb32d61625dd918132f4a57a3916c090c","f9871f1f1f333391","98.49651483154295","746.2761733410008","",""
"image-767","train/bean_rust/bean_rust_train.5.jpg","","train","bean_rust","unreviewed","500","500","114753","12d7c69ded584462ac4e7c6e6a882a2559bb20e1a0f748492d00faf1b280e7e8","cfebff5b83c78766","117.98100256347655","691.1949586388862","",""
"image-768","train/bean_rust/bean_rust_train.50.jpg","","train","bean_rust","unreviewed","500","500","133552","f79109f089ecfa089ec1dad5f71747da7c892ae1450723be17332160fb65152f","0f0b0e8e0e0da482","111.53123382568359","896.3497421886028","",""
"image-769","train/bean_rust/bean_rust_train.51.jpg","","train","bean_rust","unreviewed","500","500","119064","eca135cd6a4633281703809d60b5dd4f2852c534206e6aa8d1790a96595c0cc4","18190f0707061c50","116.02981658935546","450.4538917166779","",""
"image-770","train/bean_rust/bean_rust_train.52.jpg","","train","bean_rust","unreviewed","500","500","113516","9221c48d19aa6780e0fe87a8fadb70bf927bfeae49330d7566a106f7cc24ac80","3b37a70b031747c0","118.9801201171875","1372.5478774114406","",""
"image-771","train/bean_rust/bean_rust_train.53.jpg","","train","bean_rust","unreviewed","500","500","172956","efb52957602f1f47496c51701959852adac49a8a1e448fed9860feb4d124cc5b","87874f4f4f075fce","110.01730993652342","1811.5575343586183","",""
"image-772","train/bean_rust/bean_rust_train.54.jpg","","train","bean_rust","unreviewed","500","500","136193","5793d3cd553d847e80968e26ed5c975821747329201e3fce97cd23631da1d7fa","c6cf0f371f8e6c1a","93.65213818359375","1186.6820040607633","",""
"image-773","train/bean_rust/bean_rust_train.55.jpg","","train","bean_rust","unreviewed","500","500","151351","eece6b7853f5a99e55993380bbaf166e6bc5193a359e81c4e9fa7332cffe402e","5dc0643023e7b23e","126.28347125244139","936.0130995103057","",""
"image-774","train/bean_rust/bean_rust_train.56.jpg","","train","bean_rust","unreviewed","500","500","124579","826ea87958ea5ab5d31100bbacda8d590862822f369bec5843399b48bcf6b6ea","0789891b0dcf870b","68.88787390136719","1217.0582300898895","",""
"image-775","train/bean_rust/bean_rust_train.57.jpg","","train","bean_rust","unreviewed","500","500","127559","ce99cc13bdb4bb5e54e8ee23446cc41218b81ee3590eb68692b5f1baa230120f","cfdd9f0f27e9cd97","120.49137744140624","534.5756071131366","",""
"image-776","train/bean_rust/bean_rust_train.58.jpg","","train","bean_rust","unreviewed","500","500","175940","f083ff1c51d60946cd7bc2973566130508a79b67714d8d691202e45a54e13122","329fcfc7171f0f0e","100.94476873779297","1147.2358002063197","",""
"image-777","train/bean_rust/bean_rust_train.59.jpg","","train","bean_rust","unreviewed","500","500","113637","ac942f5c863ede367dfcaa04de378c4045e424d7621c85151f0f355156aedd4a","6b4a8e0c0e5d3777","81.06131744384766","837.8905579217724","",""
"image-778","train/bean_rust/bean_rust_train.6.jpg","","train","bean_rust","unreviewed","500","500","125220","1f287cfa1a810efc05a5d6c562831a57e9ad26c4ce89ce6531c454dd4079711e","e8f3333b337b3838","111.35145568847656","607.3605279382865","",""
"image-779","train/bean_rust/bean_rust_train.60.jpg","","train","bean_rust","unreviewed","500","500","124772","6d1b69ce23752745d44894ead0f5a0734b36bde0ba065ea565fd48e755d6b4c3","83c3c1c1c06ecec7","130.5534782104492","562.0074169347159","",""
"image-780","train/bean_rust/bean_rust_train.61.jpg","","train","bean_rust","unreviewed","500","500","128363","2709a36c1683eec72961e13e1a2ff78a8667e5546b17875c475344a256d75603","23039b1116068e17","126.02467272949217","583.758009992779","",""
"image-781","train/bean_rust/bean_rust_train.62.jpg","","train","bean_rust","unreviewed","500","500","122311","4edce5a80ff0e36ee0afe93df36ef1b157d8a9c373f0b229444a674f6407d1a0","8d8fcf1bc7c7c747","96.23532159423827","862.027031951968","",""
"image-782","train/bean_rust/bean_rust_train.63.jpg","","train","bean_rust","unreviewed","500","500","116829","cfde120d3aa1777b14f20a3e661b9570b4fca3075cf78ee1549a8b981bda96cb","858f4d8d8b1f3b19","89.37312219238281","958.7412555046898","",""
"image-783","train/bean_rust/bean_rust_train.64.jpg","","train","bean_rust","unreviewed","500","500","155515","23c878b2b0dd18a67963fc14f49f1a18c43ca043db5d57b5d8cf2d30810f287b","7f7d1e060e0e4e26","151.38986120605466","1270.4693110664366","",""
"image-784","train/bean_rust/bean_rust_train.65.jpg","","train","bean_rust","unreviewed","500","500","141445","d33da5240affb86e0c6e83e1a7a48976066c9cce26387874d225dc163a59af8a","1f0f1f1f2f3e3a3c","104.48179522705078","762.1950990970098","",""
"image-785","train/bean_rust/bean_rust_train.66.jpg","","train","bean_rust","unreviewed","500","500","104495","9a3d00eb7c7e0c33a59e82d957f538d375c28bcdd40989c17aebca414121fa92","dfef1e0f87838393","78.95751989746094","396.1506935925199","",""
"image-786","train/bean_rust/bean_rust_train.67.jpg","","train","bean_rust","unreviewed","500","500","116466","245042d772087fcb6e1d9f5ec638d99125f269585db61ee6b24f7991ddba690a","b3879919032325cc","116.8663955078125","673.3262139232893","",""
"image-787","train/bean_rust/bean_rust_train.68.jpg","","train","bean_rust","unreviewed","500","500","112329","c85a9c340cd2d872dd7d5fe557f1b9b91af121e8eac7921bee7599ea7afb38d5","e3c4866727471911","131.9849898071289","897.8985088136174","",""
"image-788","train/bean_rust/bean_rust_train.69.jpg","","train","bean_rust","unreviewed","500","500","127858","c9ae666f68bc94c5950f36b533508c2386c36ad68d12f0ab73ab8e8528a782c4","3311030f33038343","101.1026636352539","787.7689520053715","",""
"image-789","train/bean_rust/bean_rust_train.7.jpg","","train","bean_rust","unreviewed","500","500","140936","15c64aa7a2330b16e44d61542020400f2e9e9558cf2093463e2f6a164e7c56b3","5c185b0f0f1d1e9e","133.99767388916015","956.1331240557264","",""
"image-790","train/bean_rust/bean_rust_train.70.jpg","","train","bean_rust","unreviewed","500","500","156002","63659893b278cd812f20e1fd04c02c5bda3683c5151abacf00a754ae744d6067","e4a6c6cc983c3c71","108.64235345458984","1873.2155517363144","",""
"image-791","train/bean_rust/bean_rust_train.71.jpg","","train","bean_rust","unreviewed","500","500","117076","2e3cf3529e1c2cad33cd87461c1fbfe91b8ce7a284d613de2128b1d088f36257","3fffefce58d38a4a","115.56832067871092","733.3927440215223","",""
"image-792","train/bean_rust/bean_rust_train.72.jpg","","train","bean_rust","unreviewed","500","500","120487","ebce56ada342f22eff40822aeabdeea11efe0529c55c3b1ea399b0ffaf23c09b","b0b2cfc77763d91c","122.70868048095701","831.6457619106402","",""
"image-793","train/bean_rust/bean_rust_train.73.jpg","","train","bean_rust","unreviewed","500","500","162714","63f5c28d51137fc57bda9ea1036c8e27f7326d52e5f795b1d5626f52fe2c7598","4e1d9b9f9b9ae1e3","124.31140740966796","2384.461088904758","",""
"image-794","train/bean_rust/bean_rust_train.74.jpg","","train","bean_rust","unreviewed","500","500","157372","04fbf60f1dba9f152370c17d10c8d99f91250122f1d424b532a1c6acc6f34a63","9b1a0f8f8f8dcb1b","127.00932940673826","2486.4101663547153","",""
"image-795","train/bean_rust/bean_rust_train.75.jpg","","train","bean_rust","unreviewed","500","500","115129","8f9d4ee3166f2df4a2072e9dd76e50c76fe72d91a8abd932094deae9a9948440","071ef1e3071f4fdb","70.71431854248047","473.26367641498484","",""
"image-796","train/bean_rust/bean_rust_train.76.jpg","","train","bean_rust","unreviewed","500","500","164126","65e473cb0eccd921aa77e22c2ab65d879761d84770add7a86c63d13c7154c34d","9e9f4e4886c7230c","90.44050213623046","1634.0404834441665","",""
"image-797","train/bean_rust/bean_rust_train.77.jpg","","train","bean_rust","unreviewed","500","500","138540","3c1835ab8ebf3f9624dd1ed0a109093692c8250fc8a5c55cb1023e490c509b35","66634f0125244ccd","109.84582684326172","620.4394799394025","",""
"image-798","train/bean_rust/bean_rust_train.78.jpg","","train","bean_rust","unreviewed","500","500","122124","41a3c87cb3e30dd8e77780b60e85ce8eddf3bcd412ea9052a22757bce1b99245","e0e64e1e0f0f0f4c","78.95694219970703","743.062598013056","",""
"image-799","train/bean_rust/bean_rust_train.79.jpg","","train","bean_rust","unreviewed","500","500","135353","41e8a486e2d1f1faf8488af4d5477ebabc812a326dc6be42141f83e2943dd5a8","8cce4303637f1f3e","115.00774041748046","783.965352543111","",""
"image-800","train/bean_rust/bean_rust_train.8.jpg","","train","bean_rust","unreviewed","500","500","187759","9a6729cd890da11b7a4de28cfa2bb1335f95fd70d4eec40432ab91ee1ab945ef","478c8d0669436f7e","145.28892596435546","2634.405450839676","",""
"image-801","train/bean_rust/bean_rust_train.80.jpg","","train","bean_rust","unreviewed","500","500","167346","80ba13d37f21bd8cf9ec1d528ae6dbf91e64456f9afff153d090ba564b6423a1","d1c9a7a717074f46","147.44444647216798","1688.1674844162221","",""
"image-802","train/bean_rust/bean_rust_train.81.jpg","","train","bean_rust","unreviewed","500","500","153729","879608edf2680254956d692cb8f6e17b50beef7eb4bdd55a62d1a74f4ab2c430","272f0f1f1f373733","155.28178320312503","1221.9741032019595","",""
"image-803","train/bean_rust/bean_rust_train.82.jpg","","train","bean_rust","unreviewed","500","500","117153","2bde22b269539478f4d6eff6bb296734e35e3470a8ceaca89f0db480ed9b4a72","1707079f3e1818c0","125.3058648071289","507.02975608510025","",""
"image-804","train/bean_rust/bean_rust_train.83.jpg","","train","bean_rust","unreviewed","500","500","149782","e5fb72240ffd433627d8702f77931fc6a6799b0576faab4e61c39fd477009514","83e331371f1f1f0f","137.85025439453125","1628.5876573521707","",""
"image-805","train/bean_rust/bean_rust_train.84.jpg","","train","bean_rust","unreviewed","500","500","128689","db57c0d0698e6fd520e4f7cdbda896ad9a0f381eb4c892a41b65f5f51ff447af","3737171f37fbbdaf","95.98488177490233","1244.695380576952","",""
"image-806","train/bean_rust/bean_rust_train.85.jpg","","train","bean_rust","unreviewed","500","500","136199","6413143d911ddc901b5b1b850ffb88c906e2f5d6bc70f273cc79908e1d287aec","36161b1f9707cfd8","93.62360552978515","743.800492068439","",""
"image-807","train/bean_rust/bean_rust_train.86.jpg","","train","bean_rust","unreviewed","500","500","171039","75a4a462af22a3441ce615b00bb7e4e36f0fbe7038b5f9aa5c09630996f0a759","ebfe4f4e46cf4f17","126.50633056640626","2777.6750335291613","",""
"image-808","train/bean_rust/bean_rust_train.87.jpg","","train","bean_rust","unreviewed","500","500","148090","2815829d2a02ac36731cfa92243f430c0b6940d71db3a4230d0a8f1ea78219ec","7367279e3e879b5a","139.65799639892577","1850.1350717022058","",""
"image-809","train/bean_rust/bean_rust_train.88.jpg","","train","bean_rust","unreviewed","500","500","158711","3f766dd78e4fc60989ebe36c5792db4e5f0c82e0d3db01be3c9dba34ee88a08a","2d8dcb1e0e2f2d25","147.84052813720703","1690.8564146609733","",""
"image-810","train/bean_rust/bean_rust_train.89.jpg","","train","bean_rust","unreviewed","500","500","145165","58fbe1a8ac6cf66deba13baab4703b1d3d728e1083f6ce7e2c9f33e66b0355e4","0f0d1d1c06434f0f","91.48952893066405","1560.857633897132","",""
"image-811","train/bean_rust/bean_rust_train.9.jpg","","train","bean_rust","unreviewed","500","500","157325","598e4083929ea6ec2b15d1412a2598377816943d128fdf2907ea40d8a3acadf7","8f07648037372737","104.17577502441405","1623.59967673308","",""
"image-812","train/bean_rust/bean_rust_train.90.jpg","","train","bean_rust","unreviewed","500","500","151736","305c4658a2d739bfa4f3262894a2d85d0750bef80ca5530a95ece2d8b09e0037","66a6363c18991185","153.32791998291015","1565.1797965688363","",""
"image-813","train/bean_rust/bean_rust_train.91.jpg","","train","bean_rust","unreviewed","500","500","161562","a985b0227f38d8b63df415b90dfd685bf6edb8bc48c39e7ebf9c58ca0a9657f4","9ccc4e46c7e7f368","85.12537670898438","1665.420622398319","",""
"image-814","train/bean_rust/bean_rust_train.92.jpg","","train","bean_rust","unreviewed","500","500","168980","55c7e6f375117c127d8e8be16df38fcde2aacdb479e4c5fce8b58c82c656b231","3e868b8f1c3c3068","154.54888909912108","1384.6879280068085","",""
"image-815","train/bean_rust/bean_rust_train.93.jpg","","train","bean_rust","unreviewed","500","500","98116","d92c8a46b5b883826b1f37554f812ada1bfc8ae38e7790192c0c0546071a06cd","64cb1b1b79d8b030","76.8739634399414","585.9520831034934","",""
"image-816","train/bean_rust/bean_rust_train.94.jpg","","train","bean_rust","unreviewed","500","500","120484","a166e253b753af5f4a3826f15f8ab9b966e538ec798e42b51facb5d1c9401c75","808404071f1f1f1f","92.83774206542968","394.6856772403289","",""
"image-817","train/bean_rust/bean_rust_train.95.jpg","","train","bean_rust","unreviewed","500","500","142226","a3075452ba316737a752d37baa8bcf2f883fc76928f93857c58beea2b21af232","070f0323133b1818","107.83675524902344","557.0862313771802","",""
"image-818","train/bean_rust/bean_rust_train.96.jpg","","train","bean_rust","unreviewed","500","500","102664","ac59b2696f079718ba14b67ff7c43fc45efb567772de26546d828a0b338d3cc7","cfdf8f8e0607979c","137.9723511352539","827.1218530478906","",""
"image-819","train/bean_rust/bean_rust_train.97.jpg","","train","bean_rust","unreviewed","500","500","127360","0ded84c944dc5398400f347b3f46ecac8347a8a755d416115f43a09749b94458","8b0b1e0f9e4c0e1e","112.14595764160156","1242.9614438060173","",""
"image-820","train/bean_rust/bean_rust_train.98.jpg","","train","bean_rust","unreviewed","500","500","91067","fb3a3d7c8bdbbd6f8f08eb3267c3d046f8e8d6a6389289cf45c87a84c9ce96ad","01270f1f3777f3f3","120.8999946899414","168.27503923206731","",""
"image-821","train/bean_rust/bean_rust_train.99.jpg","","train","bean_rust","unreviewed","500","500","124778","b0f3335afa1296fbdbf5a6aa2177a00a17533218333310f0ef67e2d33a75f711","e34f4f0323a1b3b2","115.40067248535155","891.2349550691621","",""
"image-822","train/healthy/healthy_train.0.jpg","","train","healthy","unreviewed","500","500","143460","70d70ea39346062c67f7288d13ee1a18527fbe5cd4b93637639c9a89f032ca06","c9c3031b3773c3c7","138.78701739501952","644.2674831330861","",""
"image-823","train/healthy/healthy_train.1.jpg","","train","healthy","unreviewed","500","500","156342","fe34f758653f94e5689b8d69c019d62fb2fadf2e0d06a9bbd34052a33d37491d","266ec5e7f3f5f97f","132.62469720458984","749.6558467347176","",""
"image-824","train/healthy/healthy_train.10.jpg","","train","healthy","unreviewed","500","500","111760","82f6b7ea47e8150189a4152039171d8fad5bccf77d478c6f818f72431cda3e02","9191890f0f074313","97.6452985229492","477.1978167299805","",""
"image-825","train/healthy/healthy_train.100.jpg","","train","healthy","unreviewed","500","500","132828","a29cfd06a3d83e4a7a3697faf15503be4dacb1598000b1ac63d632aba7285d47","470f0d1f1f337b6f","159.65179217529297","809.0205504196227","",""
"image-826","train/healthy/healthy_train.101.jpg","","train","healthy","unreviewed","500","500","147792","bfbaf32b541dbe1d5a7f74a3177d629e9e6366b2e6875ad0097d0251a54658d6","1a070b0b1908c8cf","119.0203755493164","898.4378927458106","",""
"image-827","train/healthy/healthy_train.102.jpg","","train","healthy","unreviewed","500","500","115901","10ddc7bfca8b0e2f898f1cbff41955d41cfe748d16c92c1e65bae7b454e12b67","cccce460f4bc18d8","137.92654052734375","365.43376311529596","",""
"image-828","train/healthy/healthy_train.103.jpg","","train","healthy","unreviewed","500","500","151204","1aa83cb92663d431fa7b6e7c50118edbdaf291b7c288f90323cdf700415f05a1","fa978b7b3f7bf3f3","139.88628021240234","762.9340754017232","",""
"image-829","train/healthy/healthy_train.104.jpg","","train","healthy","unreviewed","500","500","142494","41151fc502859d0d22a36e2d2424f1293ffc19719cc7b8124c79510c514b6a38","1c1c0e0f267351f1","103.50358990478514","1040.6017074315741","",""
"image-830","train/healthy/healthy_train.105.jpg","","train","healthy","unreviewed","500","500","136879","21835df6d2621969d2ae5fdea08e4911173c2f759a99e2db4eb3a19c3cbc40a2","0d973733070f0e3a","143.0718717651367","539.1811350119003","",""
"image-831","train/healthy/healthy_train.106.jpg","","train","healthy","unreviewed","500","500","134302","536072e766165466c76e64f636fceb218e08970a041fd684f7901c1dafb272e9","791d3031584ee66e","127.16397973632812","1203.1645742423173","",""
"image-832","train/healthy/healthy_train.107.jpg","","train","healthy","unreviewed","500","500","118822","df505ccfab2f0ea11885e53898ebdce187422b318ad8d43ba8952378a8a9140a","db5a430706034361","99.4621036376953","608.3570911602318","",""
"image-833","train/healthy/healthy_train.108.jpg","","train","healthy","unreviewed","500","500","147939","55b31582c8abbe886bbb6985f40f62dd5da8bd0ed6eb4a0bdd287778f4e8ad4f","67074e0f1323a36f","110.94942315673828","1441.4330047654244","",""
"image-834","train/healthy/healthy_train.109.jpg","","train","healthy","unreviewed","500","500","162966","006f04899e68caef48a5f381edc37590f65df582f2c7c59071d285b4a53a28ac","72c6e7ae868e0e1c","96.03620263671874","1945.2157023747702","",""
"image-835","train/healthy/healthy_train.11.jpg","","train","healthy","unreviewed","500","500","148599","c154ac5e02c52331f8181fc90d7120abcfc6b8e94e238f31ecb293ee23778916","2e8f4f0703101838","137.54105139160157","858.6741672591481","",""
"image-836","train/healthy/healthy_train.110.jpg","","train","healthy","unreviewed","500","500","172308","8d5438bed089424c76dd70ebfda494fb3ad4cb4a65e4a55fdc13dd1222b86b71","7c3e1f7ffefcf8fc","102.4841940307617","900.4866771619044","",""
"image-837","train/healthy/healthy_train.111.jpg","","train","healthy","unreviewed","500","500","158962","45b2e15aca40ea25c7f2b2ac6527b98c3b7921ed024ce778021913af1e9b4d4f","41377f7f7f1b2f4f","145.8312564086914","810.209565431275","",""
"image-838","train/healthy/healthy_train.112.jpg","","train","healthy","unreviewed","500","500","143622","68cad4e2960a90f84e6b61c87ef5805ebc9ba52ec6c91ca5b0f13c0cca152d0c","c74b37171703878c","141.33208154296875","760.8490845417174","",""
"image-839","train/healthy/healthy_train.113.jpg","","train","healthy","unreviewed","500","500","146279","092ba11bcd956e154e4211a3b52ec3e56ad6d1c414b026e37ba1193677cbda36","c5660e0c0f8f8ea3","78.15265545654296","924.4981204310717","",""
"image-840","train/healthy/healthy_train.114.jpg","","train","healthy","unreviewed","500","500","143831","e156757353f40aafd0a4be5b0e6c2446341e346bef0058bcc9798650b51b2d96","561f0f0603c38135","116.89995153808593","742.8951759684348","",""
"image-841","train/healthy/healthy_train.115.jpg","","train","healthy","unreviewed","500","500","156052","6871b23ac3201acc2e7ef4d426d6606036e883aebb2090b7af9f9e63ec82c467","c3f0e8f6c1c0f8de","160.01348944091797","962.6824600720273","",""
"image-842","train/healthy/healthy_train.116.jpg","","train","healthy","unreviewed","500","500","124149","f7a8d7ccf2d3132a3b6f1311b62c65553c4312d469fff184cef7cb5c1ca080ee","9f8f3bb3a7a7a74f","138.67212084960937","543.7740988672558","",""
"image-843","train/healthy/healthy_train.117.jpg","","train","healthy","unreviewed","500","500","154444","46d1c8093d38ff3481cb280050863eece9e16f04254496147d264fdd2ca13d92","27870723978be266","103.18562335205078","1264.1742904063833","",""
"image-844","train/healthy/healthy_train.118.jpg","","train","healthy","unreviewed","500","500","143388","3c46395d219f6ee0d13ff108dfa336f0d353c97a51cfb59d53e13042bec088d5","6c0e07072733cf8f","125.65672503662108","744.7239633313766","",""
"image-845","train/healthy/healthy_train.119.jpg","","train","healthy","unreviewed","500","500","137405","4b398a78ee56db129c775ecc82f14b886674e6996a1e0680cb2eb64ae93c495e","ce8f0d2d0f4f4e3e","129.3593872680664","910.8152795074938","",""
"image-846","train/healthy/healthy_train.12.jpg","","train","healthy","unreviewed","500","500","124936","3b7d6d1cd1c7ba3e9b4d479170735f71aa9cd1f7a7545e438dd24236d30798c4","9fce0e074767c72e","115.87618249511718","557.7578879650144","",""
"image-847","train/healthy/healthy_train.121.jpg","","train","healthy","unreviewed","500","500","148691","5bff66e3b2c5356e27c9a52a8ecd96ae108c061c000a64dd63f34580dbf41a0c","8c0f0716070f377e","130.15196575927735","935.9745002957491","",""
"image-848","train/healthy/healthy_train.122.jpg","","train","healthy","unreviewed","500","500","124626","93cd14178d5b76ec5b970722ab589e433ead8b292200749374f41ed351110b0c","12931b33634bcb7b","147.19058740234374","487.94127858530857","",""
"image-849","train/healthy/healthy_train.123.jpg","","train","healthy","unreviewed","500","500","132012","5d0b7968ee70d8ddf4a86260a16a9f0bae83076a05a5e3904b15ddff8313a736","c1050c1c1d1d8d0f","131.84585565185546","878.9088143824621","",""
"image-850","train/healthy/healthy_train.124.jpg","","train","healthy","unreviewed","500","500","156869","f8c41100a3335e282a7840437414f0cde4ebc0355704696e8bee69d20710af10","4d0f071321a1d059","137.40037396240234","1069.2254590091516","",""
"image-851","train/healthy/healthy_train.125.jpg","","train","healthy","unreviewed","500","500","138759","ab326931515498023bbee68386249ec81bb1f91074b220e293335a05497836a0","0f0f0f2707030f8f","138.58374572753905","732.9754403524969","",""
"image-852","train/healthy/healthy_train.126.jpg","","train","healthy","unreviewed","500","500","116998","5a5d3d427e165b0c28a7374a537fd5c0dee035e1ea5bc808648b9cf9be5b8397","4e47860e0703070f","142.97421081542967","485.376223095888","",""
"image-853","train/healthy/healthy_train.127.jpg","","train","healthy","unreviewed","500","500","159315","6a4c8bd15fbc4bc087f4648d80c2a220802c0488baaff0d034a0469eed90ab16","47cb0d3637733132","134.68592248535157","1954.4688793405928","",""
"image-854","train/healthy/healthy_train.128.jpg","","train","healthy","unreviewed","500","500","121960","9c51864dbdf0a9ad33399956f31836e9f0dd179e58e3fd1d039300d017651fc1","47470f1f5f776f8f","145.3642012939453","612.5112626509587","",""
"image-855","train/healthy/healthy_train.129.jpg","","train","healthy","unreviewed","500","500","138676","3dba5b2031063da2866d5c7d74dc8e0fd5467fd2d0426713f675750a213d2ec3","cb260d23397a7a4e","140.6915705566406","480.40754760815975","",""
"image-856","train/healthy/healthy_train.13.jpg","","train","healthy","unreviewed","500","500","134969","2f8a74ba2562765cc3a8d7453fcdbfa593e8054b624f7460782f835d438539a7","cd430f1b19b173f7","144.55780670166018","800.2835330439989","",""
"image-857","train/healthy/healthy_train.130.jpg","","train","healthy","unreviewed","500","500","157167","94661e4383af562af3382c2940c0ea22728e2a29b494d395a4829cc8588ce453","0fcf070b033b1fcf","136.00869964599607","1003.6693632863911","",""
"image-858","train/healthy/healthy_train.131.jpg","","train","healthy","unreviewed","500","500","146075","838dfc2dcaccff19e0f7d5c7137a92f7fe2750d04e15ae3663c65e20f16f738e","67070f4383030f0e","115.85292254638671","626.8127363450693","",""
"image-859","train/healthy/healthy_train.132.jpg","","train","healthy","unreviewed","500","500","180205","e90c88515569f4a64e6835165baa9a9d4d0e70f1152df6b84f82b226854ef5a9","33932d3cdbc98d8d","125.18761676025389","2012.6826085771686","",""
"image-860","train/healthy/healthy_train.133.jpg","","train","healthy","unreviewed","500","500","159508","8e4723034e7263674b3b324beca2ca028d6d92773aaab01b1ce98afdcbfe0d83","c98d0747030d2577","136.51878100585938","1168.480610961452","",""
"image-861","train/healthy/healthy_train.134.jpg","","train","healthy","unreviewed","500","500","170313","715e8140a7c35b270e3e8a9506b42ec6e79b4313710b707303ee556470b0551c","1e1733111090d270","121.46941076660156","1326.8276953837865","",""
"image-862","train/healthy/healthy_train.135.jpg","","train","healthy","unreviewed","500","500","148898","3913334c7b9fe7ed0a2c1522ea8040a0445bd28ba5c96605e515b03e4be8f52d","f32b1f799387410e","123.1888257446289","756.3823569718072","",""
"image-863","train/healthy/healthy_train.136.jpg","","train","healthy","unreviewed","500","500","152602","a826310553cb74516b5d71498ae1a31bea70ea6ac51e4ff374f87ca29b6916c3","1f17171d171f9f1a","129.51574206542966","802.0739688277915","",""
"image-864","train/healthy/healthy_train.137.jpg","","train","healthy","unreviewed","500","500","144365","a61a3468fc465fdf8433b45a75c0ae78997be103875c40310327e9ac3c878ce1","873a1e1e0c0f07a7","128.25529663085936","1520.6021507672044","",""
"image-865","train/healthy/healthy_train.138.jpg","","train","healthy","unreviewed","500","500","172205","7b2905ed356f3f7d4ba7a687495819fb542ca5fc0d7122e47cb6592ec2d34891","8b9b337373d75787","165.7794205932617","1014.2202827819378","",""
"image-866","train/healthy/healthy_train.139.jpg","","train","healthy","unreviewed","500","500","158252","a829510c5cee4b92039c4fff3cd0a37b24b1473110766053d7b558fb4528d5b2","b49c1e3733975b38","122.73630792236328","1229.2386656225333","",""
"image-867","train/healthy/healthy_train.14.jpg","","train","healthy","unreviewed","500","500","178708","fe64de613290d1633bc78368af71177ae245e849653f86df6b559bc08bc23bd4","4ece1713193a5e69","139.17572064208986","2491.4281279255924","",""
"image-868","train/healthy/healthy_train.140.jpg","","train","healthy","unreviewed","500","500","135236","56eea3a08184ffe43177beff144f2074fe805d6266ae0ed94b1363f29f31a5c0","58d99b9f3723737b","143.54345092773437","778.616070435845","",""
"image-869","train/healthy/healthy_train.141.jpg","","train","healthy","unreviewed","500","500","153210","8d569b154899789ec892ffd83522f8d5ccacd853b0ad03807691f98237a37233","8f8e162603231d1d","107.69723583984376","1978.648144178046","",""
"image-870","train/healthy/healthy_train.142.jpg","","train","healthy","unreviewed","500","500","154772","e4b72d9342c8210433800d3b899f944714090dc84c74e11754f75174b02fa454","1d730f0f9f07070c","153.03635479736326","1091.4562403012028","",""
"image-871","train/healthy/healthy_train.143.jpg","","train","healthy","unreviewed","500","500","161186","77780723092b7ebe08f809d6b1ec28dd2b993d8595a2f414fc4c1040ecd6bf15","1b1e0e0703435f1f","133.8296948852539","1157.3162097911602","",""
"image-872","train/healthy/healthy_train.144.jpg","","train","healthy","unreviewed","500","500","149136","61ddf70754d2031d1e7a8b1ea49fedd83d1aa3cc114fa33fce715c893b033ec2","3227bd5f37367f67","136.9771397705078","1027.3220511850363","",""
"image-873","train/healthy/healthy_train.145.jpg","","train","healthy","unreviewed","500","500","155438","e71843f7233f1170f7f83db42dfcdb230ff3922ae08d5bb56dffe602f902bd21","1b1e9f171392c79c","122.01044360351563","1221.8245765465108","",""
"image-874","train/healthy/healthy_train.146.jpg","","train","healthy","unreviewed","500","500","154992","d18c8d20b6dd4feb0766410ae577698aea1a42912e1aa3743ed5dbc4c2fd2166","a24dcdc3a7071f3e","146.7594416503906","1655.906866496958","",""
"image-875","train/healthy/healthy_train.147.jpg","","train","healthy","unreviewed","500","500","164639","9ca67e90fef858d0002b759b3d99486cda60067fc9246b29c423f3ec431d2c48","5e9e9f0f2f3ebedc","70.55625396728516","794.8638996347099","",""
"image-876","train/healthy/healthy_train.148.jpg","","train","healthy","unreviewed","500","500","114606","ec105b2e2312879ac4a960b40236c469c45ed80f07c7c966a7f8d81dfca4ceb4","fe1b4f83b353bbff","126.01677703857422","494.58743354004935","",""
"image-877","train/healthy/healthy_train.149.jpg","","train","healthy","unreviewed","500","500","131293","9007e64815660a4d89bc3928a257f6a47f6f6f6bb29ea64380b7b4e742b692c9","980f0f070705625e","134.96685931396485","600.9945919004878","",""
"image-878","train/healthy/healthy_train.15.jpg","","train","healthy","unreviewed","500","500","128914","3601291f2830dbcd38c4194da58a15c573b4c6675dfc5b7ef4dc16fde89c0331","8c8f170f2f2e8f0f","150.71082214355468","464.87638015376154","",""
"image-879","train/healthy/healthy_train.150.jpg","","train","healthy","unreviewed","500","500","157259","5ebbf8555940839b870a65b34deb5c887ee2b5b13a47b7f0a8ee20839f427214","4e0f1703134127cf","125.39824206542967","848.3253453355836","",""
"image-880","train/healthy/healthy_train.151.jpg","","train","healthy","unreviewed","500","500","113058","9c87f9da5c09913e71ae6b4c8eda10e680d1a0d047b60cca858344c3285c3d9d","4199898c8e16333b","118.37141473388671","493.23838586773127","",""
"image-881","train/healthy/healthy_train.152.jpg","","train","healthy","unreviewed","500","500","155555","0f52869a4b6dcdbb1601feffdcfe92e7883be4bf835f947820127a5f5cba53a2","4e3b3bb113074783","163.90310632324218","902.7011393503142","",""
"image-882","train/healthy/healthy_train.153.jpg","","train","healthy","unreviewed","500","500","134751","61326bc479aaf785031ef3f72c65074bcd0b02bbd8b1fbe641ac38477af0a07b","180f0f0707070f2f","126.58401983642577","786.9483452045704","",""
"image-883","train/healthy/healthy_train.154.jpg","","train","healthy","unreviewed","500","500","135215","f6a1d90039b37596ac60d440b77907d723feeeccf44dd72a1699cc294562fceb","474f1f1b13171717","161.54704406738279","584.6959402954835","",""
"image-884","train/healthy/healthy_train.155.jpg","","train","healthy","unreviewed","500","500","164025","2f408b386ed0890e853db841aef0adc6e39ac6489b0bdb37c7af121dea11ceba","07070309298183c7","142.52360937499998","717.6208697507724","",""
"image-885","train/healthy/healthy_train.156.jpg","","train","healthy","unreviewed","500","500","136881","571a04d5eb046495a86a51d703ac01db302fdf196f2aff50caa7f417ba83c4e5","6948860303515158","148.17578784179688","643.9344958383627","",""
"image-886","train/healthy/healthy_train.157.jpg","","train","healthy","unreviewed","500","500","154062","ea08eae62866f94d3f3944e6bb8ac1388e2066fe97064475057d48d43e78b215","0c0c1c1c143e3616","147.95380761718746","1008.0933264859289","",""
"image-887","train/healthy/healthy_train.158.jpg","","train","healthy","unreviewed","500","500","155895","0107f1eac14d562ffbe43c4965ada7c1d0e867df40ef72bcb237f349c0c3301c","1e1f3d390b075d19","126.73552056884765","1033.0558640641348","",""
"image-888","train/healthy/healthy_train.159.jpg","","train","healthy","unreviewed","500","500","167922","d880c771758222482aca84921569cc0c529d36e1ae7dcff143f462582fffb8d7","06860703034387cf","141.53259478759765","899.0654545127425","",""
"image-889","train/healthy/healthy_train.16.jpg","","train","healthy","unreviewed","500","500","166074","c2e652898ef0fd1655929676ef422cdee4b47341dfdf5bf1f2b398bdfc6f1e12","0f1f0f2b67f36326","157.3979987182617","890.5432628023959","",""
"image-890","train/healthy/healthy_train.160.jpg","","train","healthy","unreviewed","500","500","150763","02856dd2f1c50e53c9da425911b19faf7fe886c81c3db7393f8bef9ba83baff7","8fac273313179f1b","111.45330517578124","1430.6198192082531","",""
"image-891","train/healthy/healthy_train.161.jpg","","train","healthy","unreviewed","500","500","163811","da5c6b42c72de478b8c37ab68afd95bf5970c3614298cf84f678d54b1800e599","1e0c17331316d4d1","144.2775991821289","1650.8551497762398","",""
"image-892","train/healthy/healthy_train.162.jpg","","train","healthy","unreviewed","500","500","156326","f2e051f76e27012371553dd98e8a13d4992ca829d1537b5e687da61d238dbe4e","1f8fa7e391d9d69c","107.17161511230468","1101.9037702618577","",""
"image-893","train/healthy/healthy_train.163.jpg","","train","healthy","unreviewed","500","500","110912","863fbc42090ff035752a4a5d958874b41fd19282e9fdbbe91ebe90b492e24af1","0d0e1f397078e063","113.24727374267579","783.2846248038187","",""
"image-894","train/healthy/healthy_train.164.jpg","","train","healthy","unreviewed","500","500","136528","d24ffea010c533ffaf1882df119517e5be0228fdf8b7dbf5b3043dbe711b523f","1f0f0707071e0b0a","136.13778143310546","864.2846459970663","",""
"image-895","train/healthy/healthy_train.165.jpg","","train","healthy","unreviewed","500","500","150126","fccad303a1b99fadaa49fd7eaaac6dbd2ec38c7b5f6a789e82a4ff3cc25c736b","3f0d1f3c224ece96","98.99154174804687","1461.7780160348038","",""
"image-896","train/healthy/healthy_train.166.jpg","","train","healthy","unreviewed","500","500","149791","a57ef4266f4297e05d1a570f291707b2120cb7ac0d845b85cf80f9b4cadd46be","4641078707472682","141.48747918701173","1675.5019690528904","",""
"image-897","train/healthy/healthy_train.167.jpg","","train","healthy","unreviewed","500","500","134239","d964175693788cf9db3c7d3317185deeae5bf96ddc79a80701404f8092a56162","36072779f8b830c4","123.3134346923828","695.0107834914284","",""
"image-898","train/healthy/healthy_train.168.jpg","","train","healthy","unreviewed","500","500","128053","5097a3078d295594b92d4f0fc8b408447ff179a13093229f345390dec758854a","9b1f97871f3e3f0b","119.53337939453124","662.2219242619248","",""
"image-899","train/healthy/healthy_train.169.jpg","","train","healthy","unreviewed","500","500","146260","2bc0289ef6ff39b8e21b385741e7a30b55d21457bf628d16e6e2224a03ab1380","67139713199d0317","114.6390626220703","1613.459793716984","",""
"image-900","train/healthy/healthy_train.17.jpg","","train","healthy","unreviewed","500","500","157151","32012f6aa126d80bbb209ba7818cd2198dcdbe9584b82e460474c3fe49a25992","47571d1e0f0f0743","152.64603332519533","1741.153788827394","",""
"image-901","train/healthy/healthy_train.170.jpg","","train","healthy","unreviewed","500","500","153057","eae55c0f7978cdaf6cde931feb463cf93bda6c1eb133e6de4e22d6f13bd777e8","31f3d75716072021","142.33255578613282","746.7202937712759","",""
"image-902","train/healthy/healthy_train.171.jpg","","train","healthy","unreviewed","500","500","171895","2cc563defcb14f27875be26d3ad7c2499b6240feb4692facee0afa9365721438","399e9e3d5d9b9d9b","127.25582391357422","2702.091146221992","",""
"image-903","train/healthy/healthy_train.172.jpg","","train","healthy","unreviewed","500","500","141989","215a1243c75aa0568ec4376d9d42a4901ab9c4353120976680b5df22981b2d2b","a78f1b9381c16193","161.34329107666014","734.4663354204608","",""
"image-904","train/healthy/healthy_train.173.jpg","","train","healthy","unreviewed","500","500","144812","89f6dcada378dde194f330094e7ce4c85ab4d8082402729e1390028df7fc7063","4d6c1b9b193e9a1e","152.8443447265625","838.935650073295","",""
"image-905","train/healthy/healthy_train.174.jpg","","train","healthy","unreviewed","500","500","134606","16baa99b0906fd1e37b8bdf742fe796668c1ec9d13a240a8c3de0eb4ef4b1c08","0f031b1b1f1e32f9","131.1189422607422","1430.7716332763218","",""
"image-906","train/healthy/healthy_train.175.jpg","","train","healthy","unreviewed","500","500","108382","c118538e98266bb43d2558461e624aa820ea5bf0eeb29842f408258e7e1fac24","0f0f0303e3c1e086","153.07229516601564","314.4724278354966","",""
"image-907","train/healthy/healthy_train.176.jpg","","train","healthy","unreviewed","500","500","126241","aadb1f0a50cfed96cfde657e6406637c9c74c0898e538281cbcc936b1f2f91b4","07068313191b0b4f","139.10725268554685","412.94496790748224","",""
"image-908","train/healthy/healthy_train.177.jpg","","train","healthy","unreviewed","500","500","140536","9e9a7a6a815220e2b3598ca07be3c315a6d7d34250d6dbf125be1ca19ad300b8","070303313038dd8d","106.4006813354492","458.61981401300096","",""
"image-909","train/healthy/healthy_train.178.jpg","","train","healthy","unreviewed","500","500","153165","e125fd8b57f37807c6d389c81de813d36b8099c0ff63bd5f24f1ca10852b2048","071f5b5f6f2f0f07","106.60359161376954","1508.6561211930205","",""
"image-910","train/healthy/healthy_train.179.jpg","","train","healthy","unreviewed","500","500","146261","7374e54ba058eb2881cefb583266dabf95ebeaadf165c9e719ba0285a2fb3948","49d88b0b6b43c387","118.31502655029296","1340.5690504949603","",""
"image-911","train/healthy/healthy_train.18.jpg","","train","healthy","unreviewed","500","500","135394","b9439d2397786cd655d336e376c0555d1235b2b2a1fc98997d35c41ae9a386a1","6e2e0f030b290f57","150.1376766357422","530.1686810392672","",""
"image-912","train/healthy/healthy_train.180.jpg","","train","healthy","unreviewed","500","500","154553","4b37476c0c59916109a5db7d6ca9f23c0f8f3533672de4f0bf93f3ce9fe6c380","0d170f3b1bdbe5c7","131.86141925048827","1596.707062121373","",""
"image-913","train/healthy/healthy_train.181.jpg","","train","healthy","unreviewed","500","500","181763","69ecd7b2d417f38c09537efa88cd966c5c504ba81edbb438b5ae0731e19c33fe","9dba1b199958593a","156.36270202636717","2000.307908512475","",""
"image-914","train/healthy/healthy_train.182.jpg","","train","healthy","unreviewed","500","500","146949","a31d60439bbc42a36cb3cf104f1f132f5f684a970efd7a5061d12ea398ba63a6","2586c69337030c09","121.42592474365233","1519.3483724227776","",""
"image-915","train/healthy/healthy_train.183.jpg","","train","healthy","unreviewed","500","500","113038","7ec4c7aea7b97020ad4743519826904581e2a5c4075aa72c356ec66ca650b91d","1c1c18591f173b7b","122.58684643554687","743.8759074350941","",""
"image-916","train/healthy/healthy_train.184.jpg","","train","healthy","unreviewed","500","500","145931","0cce4ffef66604a34f0d8a6a25422cbb3c8d50ade2dc196eba7be9815aa56bc0","b9f8eccc9e1e373b","92.60823150634765","680.4705968929828","",""
"image-917","train/healthy/healthy_train.185.jpg","","train","healthy","unreviewed","500","500","137934","738d2db1003234e014b1c7756ba01f15dfa4ad3e3eca1a08aac7dee1309392cd","27461f3b7bebeb76","146.9750487060547","604.7516363876841","",""
"image-918","train/healthy/healthy_train.186.jpg","","train","healthy","unreviewed","500","500","142307","6d0c51debe550f5b393209d5db22ae746296d04b0b45056be12cf856472ffc33","0e0703018943831f","154.2719613647461","382.89329342298856","",""
"image-919","train/healthy/healthy_train.187.jpg","","train","healthy","unreviewed","500","500","140566","9e24ca41cb14dd880e607e2fd8036b7be993e57f9d834672a308847da8f56516","caafbffb170f129a","141.9150748901367","780.2050909611228","",""
"image-920","train/healthy/healthy_train.188.jpg","","train","healthy","unreviewed","500","500","147044","0c6007045000a419a3e24cccd4145e768eeba9d0534aee45f1473d5490e701e2","cb381f9f879f999d","121.87847094726563","1005.8837096283875","",""
"image-921","train/healthy/healthy_train.189.jpg","","train","healthy","unreviewed","500","500","150469","3e605a828db32bf0a9468a02ab5c44c02637f57513ec1771ba404f6f8e91fb13","cc2b338e0f373a18","112.0511075439453","2159.4603305801825","",""
"image-922","train/healthy/healthy_train.19.jpg","","train","healthy","unreviewed","500","500","144466","035c8c3291badc3c773a5e72e2451bcea4778124b4e155b42afc4990e0f75a04","2e53131f47433326","145.29467968749998","1303.4055834059043","",""
"image-923","train/healthy/healthy_train.190.jpg","","train","healthy","unreviewed","500","500","179749","424bf3ea0fcce62bf75ee8a993f1691028f4dd3373f18a0063e742ba7952a4fa","848481030e1e0787","135.09888360595704","2099.2196506013443","",""
"image-924","train/healthy/healthy_train.191.jpg","","train","healthy","unreviewed","500","500","131813","f86545042981f7e8215b94e0b60b06bb020a06657c615fc739a3e2803dae82f0","4971f1b1ae8b7c36","161.76185131835936","545.3390022962471","",""
"image-925","train/healthy/healthy_train.192.jpg","","train","healthy","unreviewed","500","500","158014","df28716586122f5371c62558f1f047bbe01b2fa71694f9f3ddbea83e99d45554","38393787e7e0f470","114.13521600341797","2084.6788668892796","",""
"image-926","train/healthy/healthy_train.193.jpg","","train","healthy","unreviewed","500","500","131634","3542f036545d217baad922f6b484bd394556db50895d0a15b873eb6228c655d8","46c78b8f879f1b1f","96.24984594726561","991.8674878063573","",""
"image-927","train/healthy/healthy_train.194.jpg","","train","healthy","unreviewed","500","500","151858","357c4bbcba5fdf23ff9e412c7ff6f09efa354ba7741f8d0ca3c9c24bb52f517a","8f07173733331d5d","158.55126806640624","1000.6959171063826","",""
"image-928","train/healthy/healthy_train.195.jpg","","train","healthy","unreviewed","500","500","155774","134564c796e37b56b06ee9a692bbc0b357a8bd21a395ad73fe47ea18555a728c","cd4f1f1f3b73672b","149.41259490966797","926.76063609875","",""
"image-929","train/healthy/healthy_train.196.jpg","","train","healthy","unreviewed","500","500","136627","82f6245d17adfa33ddfec501e7ea67bdbd8291c9c0d402cddcd02010731c78f2","075d0f0703434323","134.30277587890626","633.4496556730127","",""
"image-930","train/healthy/healthy_train.197.jpg","","train","healthy","unreviewed","500","500","143107","49ab0b2f4a026b183ddf5f824ac313e386c7feb6f1f5d42f236918808f3de0af","8c17070f1f3f777c","127.47407855224608","822.3581163061967","",""
"image-931","train/healthy/healthy_train.198.jpg","","train","healthy","unreviewed","500","500","173992","5f3e767bbcfd8b915d606fba84936f757a11d1e5e28a82afd865cf2718079d78","1653d1b9b3dbd868","131.76239611816405","1694.8363003923932","",""
"image-932","train/healthy/healthy_train.199.jpg","","train","healthy","unreviewed","500","500","125764","075be1507b4462cbe95363f0fefc8d4102f8bea3560169e9adc9cad042d18965","1ad85b1f0e3f3333","112.45314855957031","754.4035808798378","",""
"image-933","train/healthy/healthy_train.2.jpg","","train","healthy","unreviewed","500","500","149968","10cd82c1889e288a8816179e17f939037cd2b904b131c507c88e9bcb7277a2b2","2f2d1b13123b3b69","117.9859229736328","761.8940063091485","",""
"image-934","train/healthy/healthy_train.20.jpg","","train","healthy","unreviewed","500","500","140927","3a96a3a226da8d7c66f81b44a86095834ff3a6acfdea50f70c1292f741cbbaa6","130c4e4e4eddfd6d","129.55557061767578","763.202018237494","",""
"image-935","train/healthy/healthy_train.200.jpg","","train","healthy","unreviewed","500","500","162668","7b3eb137e028fde5f7da1a7603478195607c88926a2c287b6363da3202d045d5","9f1f0b830103038d","128.95546783447264","648.373251791977","",""
"image-936","train/healthy/healthy_train.201.jpg","","train","healthy","unreviewed","500","500","164785","afc95535563c4befe6ffdc1c56e55169dcfb4a40c5e4452128ea614a55e94cd4","5c54f4d4ccd8e8b1","138.14935986328123","1480.0386765206702","",""
"image-937","train/healthy/healthy_train.202.jpg","","train","healthy","unreviewed","500","500","130531","dd09b4ef6f420e0471dca44049de5d3f15a3e8d7c5c0a402304ee8fdf10e9aee","072a1f1733a3ef12","145.56038836669921","574.58766031348","",""
"image-938","train/healthy/healthy_train.203.jpg","","train","healthy","unreviewed","500","500","160571","50775a2f2afe822a58e4e3e1c21ac33b64d3a3eb57e17499412804b2527da6cf","0d1d1727c78f464c","129.65576574707032","941.56938331197","",""
"image-939","train/healthy/healthy_train.204.jpg","","train","healthy","unreviewed","500","500","152427","c4af07f061e5735a71bc2271cfb729f83bfa87e277d16e1892692b24c8617f87","47070f03e3e18f4f","104.91374377441406","877.4022597171199","",""
"image-940","train/healthy/healthy_train.205.jpg","","train","healthy","unreviewed","500","500","155798","0a96915c57441879a14c938fd960e730ae9d172c2856935406f4b31dff303c10","0e0e971303838f4e","125.06572625732421","909.3644579083586","",""
"image-941","train/healthy/healthy_train.206.jpg","","train","healthy","unreviewed","500","500","133688","0ec6b1f1a7beb6d5105e831f5509fd0d00c7f22a38e43fa34a4d5f8ee268e219","138e0f0f0747e6e7","133.87984356689452","579.2549308519093","",""
"image-942","train/healthy/healthy_train.207.jpg","","train","healthy","unreviewed","500","500","150905","8706b5f58d4eecb978fd50d1d738cb1646e3d49d8ed4d43ed7acf1809a012a03","1717d53110101818","144.46017639160155","658.094056138663","",""
"image-943","train/healthy/healthy_train.208.jpg","","train","healthy","unreviewed","500","500","128928","60b0ef7099e3ed8e34a765264748325f265d80487ef4b22d2bfb50cd2e57f14e","cdcd83130303078f","144.8267954711914","478.41219577571485","",""
"image-944","train/healthy/healthy_train.209.jpg","","train","healthy","unreviewed","500","500","141965","06a2da9a9ed8f7a4b299e5675b27a8daaedcdeaefd60d53342b665eabd00875d","49c38f1e56070f1f","163.82984582519532","762.4693692728194","",""
"image-945","train/healthy/healthy_train.21.jpg","","train","healthy","unreviewed","500","500","160138","9a6697b9c4293374f59ca976f6bcdf5ba0748a3e521611bc348e8ed8b07c04a2","1d0f272373b1f8d8","128.34540234375","1253.2474734577129","",""
"image-946","train/healthy/healthy_train.210.jpg","","train","healthy","unreviewed","500","500","153215","1af57eb8abdd00a8059a9ce1c37a2305f604562a3c27c9babd53026772c212d4","531b9b1f0f070313","145.09167974853514","1973.3208755604278","",""
"image-947","train/healthy/healthy_train.211.jpg","","train","healthy","unreviewed","500","500","148787","c89c37bafd5d4fa2f88d1f0c473efe7b15504b75610d4106b6dd37e13e3d1089","b230c7078e963717","155.30965570068358","1551.60256262944","",""
"image-948","train/healthy/healthy_train.212.jpg","","train","healthy","unreviewed","500","500","172147","bf51898ee56e41759482697acdcf26e542d18e82295fcbfa079e8f36237afde4","4f87171133262664","162.03452362060548","1704.4722815662462","",""
"image-949","train/healthy/healthy_train.213.jpg","","train","healthy","unreviewed","500","500","151551","17e55b9946db6c3df89490834e9543292159d5eb874021512d26c7277a59bbc1","6e7df97cdc5c4c16","131.26725421142578","1398.5688825859897","",""
"image-950","train/healthy/healthy_train.214.jpg","","train","healthy","unreviewed","500","500","151542","491e53e69bef9bbd3acd970c962d808898e24864f23169036e49ecb75b5531dd","23233313071f1e36","126.91989172363282","897.0958552016762","",""
"image-951","train/healthy/healthy_train.215.jpg","","train","healthy","unreviewed","500","500","123346","3c362d98d45a0395035f6930d1ff27c208db4a85a09b712fad08b7f1b215f40a","60616f4e6e36151d","112.52471166992187","1014.8747285679781","",""
"image-952","train/healthy/healthy_train.216.jpg","","train","healthy","unreviewed","500","500","153776","c10ec4082c40e064ec29f5204c2d2073003930d151f53dcc13dec78c7f9cb1a1","84a1071f59fbd5de","138.28327001953124","724.6309535398011","",""
"image-953","train/healthy/healthy_train.217.jpg","","train","healthy","unreviewed","500","500","138526","e896044fa5534d27ce002bc6856f304b76dcede2fae74dcd0b4e377c023da909","030fc913850d470e","112.17014105224608","922.5743341972476","",""
"image-954","train/healthy/healthy_train.218.jpg","","train","healthy","unreviewed","500","500","167539","8037d4ec282818c49f5be54c627b34fa593635acf92e73feab6d519e09ffdc7a","37a3337173252baf","152.80325616455076","1712.043276386219","",""
"image-955","train/healthy/healthy_train.219.jpg","","train","healthy","unreviewed","500","500","146407","9c19093c2a6865453206cba4f06b9a488e27820678db0ba47e136d17f9911e9b","cd0e072603473f37","117.45173541259766","919.999724110051","",""
"image-956","train/healthy/healthy_train.22.jpg","","train","healthy","unreviewed","500","500","154700","2ce510639950bdaab057b9773350f99c0405ede2a9d6623b111521e4565472b2","9d1e0f3703573fdf","143.8620836791992","1000.3009869955271","",""
"image-957","train/healthy/healthy_train.220.jpg","","train","healthy","unreviewed","500","500","146425","e05b748612bee0c612405a814fdd238356ae17556ad4d57de8f5e9bd5af971dc","633635858e1f0733","70.76276263427735","1462.2369162324549","",""
"image-958","train/healthy/healthy_train.221.jpg","","train","healthy","unreviewed","500","500","128609","76bcb7121b6e7ab006b51d02a43955aab1eca5b5a19edcf22d0d0dbf665516fb","64ded943079f3d3c","120.49057983398437","1077.567841074854","",""
"image-959","train/healthy/healthy_train.222.jpg","","train","healthy","unreviewed","500","500","155825","f0a5e8854aeada36dc976aeff8e751a04bf8ef920490a2ade8405581f1d21ee6","7879070f1b074796","131.51015979003904","1293.1091135513195","",""
"image-960","train/healthy/healthy_train.223.jpg","","train","healthy","unreviewed","500","500","131831","546762c719559c7b9927f51cb15c14f99c505f7fc7f78f945a20fe267c0764d4","5b3bdbd3d7172f4f","147.39331524658203","594.7087014845213","",""
"image-961","train/healthy/healthy_train.224.jpg","","train","healthy","unreviewed","500","500","138455","4168f979d5e2b13101898d5bb158c144f624032f417d1d8391b3dfc617dbca46","3991830b171f370f","108.16594989013672","566.798148286581","",""
"image-962","train/healthy/healthy_train.225.jpg","","train","healthy","unreviewed","500","500","155865","6b1a739e36a920e95013bed2a424352913f9a89ad36636279d909401e2a5b007","930a1b17133333dd","132.6493718261719","1771.3821491328895","",""
"image-963","train/healthy/healthy_train.226.jpg","","train","healthy","unreviewed","500","500","144642","e5784be4cdb73307b74263f2e9a393e86ca40d71bc7d0c5b1d8a6b89ee3f4d6f","1f4f677371d17331","118.25374127197264","1730.9605554410896","",""
"image-964","train/healthy/healthy_train.227.jpg","","train","healthy","unreviewed","500","500","193574","d56953d9ddc8db2d39dc4f5b85ffa1ef9158bf91cdcf927c1624f8be6682178a","f53f1f1f37076f47","93.81630487060548","2603.140939311701","",""
"image-965","train/healthy/healthy_train.228.jpg","","train","healthy","unreviewed","500","500","120046","71ebead1178a8d882cf2129f507a8ddf3612deb1a6b6aa6d566e23659e253235","061707071787c636","128.69742126464843","466.0434117097392","",""
"image-966","train/healthy/healthy_train.229.jpg","","train","healthy","unreviewed","500","500","146973","20fdd0a8e83d9d9515e5640f0039c07793bdecf4fcb14d19565d90791ba2e8a1","312f0e1e3673636b","115.46151745605468","1196.68245283557","",""
"image-967","train/healthy/healthy_train.23.jpg","","train","healthy","unreviewed","500","500","183503","526fce5b8f6b4d599d6238182940b02705bb03fc96d562f3f684212286ff1809","1e1f074f0f1f3d2c","135.21361401367187","2115.544647477997","",""
"image-968","train/healthy/healthy_train.230.jpg","","train","healthy","unreviewed","500","500","147952","fa57fa2345815e2bbe03fa4884cb574fe3c446f1755b8140c52d8f410adeac05","2b8b931f8f4b674f","122.11491357421873","769.5243092832944","",""
"image-969","train/healthy/healthy_train.231.jpg","","train","healthy","unreviewed","500","500","166888","c4fd4c1acfcfea3f36be11d1db90ec93c52d3721e2f3d520d196e67f5c16ce20","860b1b72365796f3","144.19726617431638","1219.6240798666524","",""
"image-970","train/healthy/healthy_train.232.jpg","","train","healthy","unreviewed","500","500","148322","84e00ceca5356d848e15315da5a30f2766c417dd637dfa50b0748da8efab136b","9a3f3c3d39990682","118.44800756835936","1030.8358211832503","",""
"image-971","train/healthy/healthy_train.233.jpg","","train","healthy","unreviewed","500","500","158015","800e1055fd670276155f2f30f7c9baacfaa409001f00b4ddaaca8834d225570b","6747074193e86def","116.43502233886718","1453.8358746826534","",""
"image-972","train/healthy/healthy_train.234.jpg","","train","healthy","unreviewed","500","500","135731","a131769a6e004f580412d4de451c0eae28bab80bb258181d1e0ee2ccfcb8c9e1","490f031331717172","130.57322509765623","440.1342942428491","",""
"image-973","train/healthy/healthy_train.235.jpg","","train","healthy","unreviewed","500","500","153477","086300dd6cff14de3c153a6b7db28c486723c11ea55c789c149ca3b20b4ca0c5","77474773f2536376","144.62236614990235","1157.2274771750508","",""
"image-974","train/healthy/healthy_train.236.jpg","","train","healthy","unreviewed","500","500","136662","093e2c86839bb7ee800f972c18bb6d2f47d39a2d7a152fe631bd065fedff5d42","0f179fab9b416165","128.54518182373047","565.2647162946635","",""
"image-975","train/healthy/healthy_train.237.jpg","","train","healthy","unreviewed","500","500","158715","5b085c121b0b8e0373cac722b5fed18526a655492cd1dc8d92e3cee08b4ab898","8f97339593866cdd","109.00186737060548","2183.194993097237","",""
"image-976","train/healthy/healthy_train.238.jpg","","train","healthy","unreviewed","500","500","150010","689730f99573beaeee91507b0ff43ff0cf90e07224663a85a755eaacedaf27c4","06072f2f3737336d","140.73691125488278","985.8937614014652","",""
"image-977","train/healthy/healthy_train.239.jpg","","train","healthy","unreviewed","500","500","173921","1dedf25644e670e4d43d833fccbe327d9eab711c43591fbe0d86207119245e63","0e26333114901537","135.34880194091795","1928.511415158099","",""
"image-978","train/healthy/healthy_train.24.jpg","","train","healthy","unreviewed","500","500","144890","93c11457ebc2e58eb4dffce321477bfdc3ab01d5a1cae389c00a756be9882417","0f0f0646763391c5","127.81270446777344","1266.5439078568554","",""
"image-979","train/healthy/healthy_train.240.jpg","","train","healthy","unreviewed","500","500","142362","ead9ee3b5cf05c31a355c39be7e11c9841b17305e107e319cdadfdfd01470401","a6ce4f61171f0f9e","125.29732604980467","665.9365673205988","",""
"image-980","train/healthy/healthy_train.241.jpg","","train","healthy","unreviewed","500","500","155342","5e5b14bc29b2592621da375e5a722524229dc91d66dba4d29af99edc867d8186","9e26636979c71b33","113.07401739501952","1479.3537807895923","",""
"image-981","train/healthy/healthy_train.242.jpg","","train","healthy","unreviewed","500","500","149246","dd7f85b5a511f91a514d24a8efc616847a24cf0d8510ce8eb14b7ec6107e14e7","e3858426774d8717","110.23768597412109","1346.9870992945469","",""
"image-982","train/healthy/healthy_train.243.jpg","","train","healthy","unreviewed","500","500","148096","b5178ee49eb86da9dab05ba1986f51279d6141482fac62c01180064b9eaf2034","369d0d01123c1e9a","133.0327568359375","916.6871605766553","",""
"image-983","train/healthy/healthy_train.244.jpg","","train","healthy","unreviewed","500","500","171741","e85bd56f1d912c1d4c526ef8d6c62901d49a1ebcd4b5f39c6965cb777378bd4c","1b19391959b99bda","158.98492315673826","2083.6790577963066","",""
"image-984","train/healthy/healthy_train.245.jpg","","train","healthy","unreviewed","500","500","120803","cb86d68bd6526317e6d3b0987c066d881ecff4e06ca0f087885a0240271c15c0","071f478f8f1f1fdb","141.50808825683595","751.1985707449663","",""
"image-985","train/healthy/healthy_train.246.jpg","","train","healthy","unreviewed","500","500","117365","56b5d0671bb96b649174b6bfe54dfed177a2c60ff633841b314a98efd59cd9b3","32b3830b116363e3","149.46348522949216","352.0986173892877","",""
"image-986","train/healthy/healthy_train.247.jpg","","train","healthy","unreviewed","500","500","145756","d72e8b35b1a54503e5e3a36bc0069689af3d9c96e555e2d716c7163caa649af7","2c0f1f172f6de76b","147.40514013671873","740.5731227351747","",""
"image-987","train/healthy/healthy_train.248.jpg","","train","healthy","unreviewed","500","500","134359","2a624b3410e36c6423b88b8f150e301e05d7355d93bde1a3bd8303c1050237b5","171c0c5c94187cee","140.5508473510742","1016.3910748825297","",""
"image-988","train/healthy/healthy_train.249.jpg","","train","healthy","unreviewed","500","500","136182","eec1fb6521398cd96acbacfefb5eb6d163f4518633d5163b4142b7587cf7ae73","c7c7cf1f07030306","104.28214892578124","572.1701276662463","",""
"image-989","train/healthy/healthy_train.25.jpg","","train","healthy","unreviewed","500","500","144997","cf15a34c5d85d78c2c0c37cda748a44a248f78eba8997d3200e25923faf69820","4f4f3716b3a70303","138.11972302246093","1477.683745325848","",""
"image-990","train/healthy/healthy_train.250.jpg","","train","healthy","unreviewed","500","500","141819","1ea79d1478fbc60ca98963e8e947385490adb51dab11967acda344e11ee6b582","c3cecc1313230706","146.03672155761717","1341.666545678254","",""
"image-991","train/healthy/healthy_train.251.jpg","","train","healthy","unreviewed","500","500","146399","e7dec77edde0ad5ae06c361535d9acf8b1eaa4d849a557e3ef3cdce557630209","330e0f1f3db96b5f","138.98784466552735","638.047946358104","",""
"image-992","train/healthy/healthy_train.252.jpg","","train","healthy","unreviewed","500","500","127813","f3df43653d0447b2fb4fb77aa661f14d269fe945578fd5b0b742609233d2d18a","a3e366460e0e1e16","96.74017504882812","1006.5222682360558","",""
"image-993","train/healthy/healthy_train.253.jpg","","train","healthy","unreviewed","500","500","153052","c55598ce496718f2618223b381ec20a90768afb210a5a1d8e3521986b1aba0c6","871b3b3b1b1b0e1d","127.7919815673828","1028.4939772267285","",""
"image-994","train/healthy/healthy_train.254.jpg","","train","healthy","unreviewed","500","500","133883","11b71930968b45cceb30b36c4f6d1ce2f54d1219a349d7df13a85209e8579c56","c8d393461c0d8703","110.62707592773437","728.8379714524197","",""
"image-995","train/healthy/healthy_train.255.jpg","","train","healthy","unreviewed","500","500","134553","d8c36c26fa83e2f67a3baaf6c4b2591c108665831e7ffff35773ff94fad3764c","2c0f1f3b3bbefdcf","149.52198693847657","542.956965493456","",""
"image-996","train/healthy/healthy_train.256.jpg","","train","healthy","unreviewed","500","500","127842","e896aa69f0846d83f9b90353545902ebeab4a8373be489bd849df822afd174bd","0f0e8e06371307c7","155.94250073242188","744.5961437902486","",""
"image-997","train/healthy/healthy_train.257.jpg","","train","healthy","unreviewed","500","500","147026","fca64440529267a2f8d90ff4dd2a699c331a4cfca4ecb210bdd308a56c492c7e","4f8f870329352dcf","129.95389489746094","667.1748851150887","",""
"image-998","train/healthy/healthy_train.258.jpg","","train","healthy","unreviewed","500","500","153100","45ccffcc23a66e57f89bd3331af0f95b77f4c607dba96633c4595269b41ea19e","1f1c9a1cc7733039","123.99472052001951","1681.7218559058072","",""
"image-999","train/healthy/healthy_train.259.jpg","","train","healthy","unreviewed","500","500","152919","13941b030d1b955a77ffae582d76a14997c1cec1c4478b84bd96604a7b6dffba","6bca2dadbd989c8f","137.145662109375","1260.8749614541746","",""
"image-1000","train/healthy/healthy_train.26.jpg","","train","healthy","unreviewed","500","500","139965","017db65c336643cc76bda7e83ce86de9c9b38c8800a3f0c9cb8f977e030ae934","2f87e74f1b3e3e5e","124.40609442138671","1097.0681288191772","",""
"image-1001","train/healthy/healthy_train.260.jpg","","train","healthy","unreviewed","500","500","119400","c31089c0a169e6f60d26c39cba6d314b23d369d1c3e4ace5029cd804aad23210","efcf1717173b33a6","113.50908850097656","467.9516219977543","",""
"image-1002","train/healthy/healthy_train.261.jpg","","train","healthy","unreviewed","500","500","152817","e73ea4c6dffc5301a115d086cddb2b6b012c9a8120230941d63875e70537ab55","61071f1f1b0fcdcf","113.34595959472655","648.4061895607133","",""
"image-1003","train/healthy/healthy_train.262.jpg","","train","healthy","unreviewed","500","500","169356","1802dcf64eb8c895c85cb2fabc47819cf0cb1b089f316a9ff6a69d9b63765dbe","3e0f272131397978","166.7650051879883","726.1178518419446","",""
"image-1004","train/healthy/healthy_train.263.jpg","","train","healthy","unreviewed","500","500","158766","8a5a7fc1892a0e75705ee4f39998b32c802a9fec860fa14f11540dbe04426346","1e2f37371303232b","139.70826220703125","638.0231243645479","",""
"image-1005","train/healthy/healthy_train.264.jpg","","train","healthy","unreviewed","500","500","134191","7f251c25c8eeb3bd9a62e3f92026c30a940187591b84dddc3b429c7ed3d94a27","21b1c98d5597a700","126.65530889892577","1443.8552177162446","",""
"image-1006","train/healthy/healthy_train.265.jpg","","train","healthy","unreviewed","500","500","126734","c9ad3b934743b44ec3b88bfe0358b6f371b2dafcfc1e68f327f3cb7834011068","16660107020361c9","145.84329583740237","436.01862623817533","",""
"image-1007","train/healthy/healthy_train.266.jpg","","train","healthy","unreviewed","500","500","147128","a35ed86bdce0fb68960d9ac6de5fab31823ab8a3992f87ba58611c3eca61c136","c30317070507868e","143.20809759521484","807.5846059412105","",""
"image-1008","train/healthy/healthy_train.267.jpg","","train","healthy","unreviewed","500","500","133712","97ebccd410fc87fc7537532f97f5725a85ad5574e563a6130cf59d460bb3b9af","06071b1b5f77cf8f","131.29607818603517","667.3032523662469","",""
"image-1009","train/healthy/healthy_train.268.jpg","","train","healthy","unreviewed","500","500","141365","12025c61555ccfdac19b4a875f724bb90a3659e9c22406889d400aff961beba1","0d43c717130b0fcf","109.04190716552733","949.1207423736444","",""
"image-1010","train/healthy/healthy_train.269.jpg","","train","healthy","unreviewed","500","500","162237","8bf57f3f2ab249e81b8326bd3b652785adfa407fd4c294a4464b131b6b03506b","070f6db9b8f2e4c9","138.461400390625","963.0835441252882","",""
"image-1011","train/healthy/healthy_train.27.jpg","","train","healthy","unreviewed","500","500","157823","e4df5b9be6cb28772b405bf283f1a565719981f2d6183f1838b3359dd29705c3","1f0e1717353b363c","119.5531947631836","517.7259733560287","",""
"image-1012","train/healthy/healthy_train.270.jpg","","train","healthy","unreviewed","500","500","144406","cb1cc7591661d1ce115dc08b6e82d306a069278aa548a8540878429f01df9cb9","0f1d1d172f356522","107.18250830078125","1096.9166019023476","",""
"image-1013","train/healthy/healthy_train.271.jpg","","train","healthy","unreviewed","500","500","153418","77a387da87736e2a9730e828cac9e213ee741a369279395462ae0eb1e7e34908","6d0c460309184cbe","135.514010559082","1082.361557707345","",""
"image-1014","train/healthy/healthy_train.272.jpg","","train","healthy","unreviewed","500","500","130299","a62f98c6ddfa65b7d6ad2b42c72dc415eb4ebf254b0139519c9dfdc46c5e6187","37372fa3a3a7494c","170.7539328613281","573.1654894122731","",""
"image-1015","train/healthy/healthy_train.273.jpg","","train","healthy","unreviewed","500","500","107783","7baad487c0d9a4b52153034cfde35be12eabce098b213c32150cd3369abebce2","23070faf8e0e0663","100.52782391357422","573.566971131023","",""
"image-1016","train/healthy/healthy_train.274.jpg","","train","healthy","unreviewed","500","500","114605","531f93085041748ebfeec7b224ad4889242bfd2830f926c304afe5208c19f720","df773e171313a28a","156.24244427490234","342.3381171660226","",""
"image-1017","train/healthy/healthy_train.275.jpg","","train","healthy","unreviewed","500","500","185588","66331d9095a90e2c027ca5aa8b256b56a7573091a3a6688c6d76979b6782cb3e","0c07132528828cc9","157.92025897216794","1816.3667308885326","",""
"image-1018","train/healthy/healthy_train.276.jpg","","train","healthy","unreviewed","500","500","153517","5c7f75c986f4a948af234d75a2f2a0520bd9bf5aade5966385ea43e75f8591cf","1e1e3f3b7ff9159d","124.52223181152343","1326.9108259189995","",""
"image-1019","train/healthy/healthy_train.277.jpg","","train","healthy","unreviewed","500","500","142940","e3aa5f65b2b75f2649af9d0afbb61ddc28df7963d796969037ab1b4823d91509","7d1e1e0e874b9393","117.21064697265624","1254.1071432351757","",""
"image-1020","train/healthy/healthy_train.278.jpg","","train","healthy","unreviewed","500","500","155971","f478f2406cdda9f35d94a351fecc5bb2113b4cc5cfd8d488e617ee595a626a9d","852707073313c969","134.20566406249998","1622.8721370992146","",""
"image-1021","train/healthy/healthy_train.279.jpg","","train","healthy","unreviewed","500","500","130684","6656dbdc656c3dcf714334d4800202d6b57b8cf00ffc7c23bd46a94ed49055c8","07c70f0f1d164f8f","118.11203460693358","1246.0868268370791","",""
"image-1022","train/healthy/healthy_train.28.jpg","","train","healthy","unreviewed","500","500","124286","e8915774e140cde9615c0cfcfb38fa5df458f0abb59f87d5bbd43f50b5448c22","f747270f83438686","135.21311956787108","525.7013632602013","",""
"image-1023","train/healthy/healthy_train.280.jpg","","train","healthy","unreviewed","500","500","130450","fa232a3fea491199148f538384d9a4b2294338f46789b833c0bff49ee34dc2f9","0e9f3d3c2c6762c3","115.53904400634767","780.1989811880114","",""
"image-1024","train/healthy/healthy_train.281.jpg","","train","healthy","unreviewed","500","500","154432","1036849467ed96de7ef20ddec960faaf4db89f810c7db2ed011286bff4ba7287","4d8f0723030303cf","129.27081396484374","927.1635201002963","",""
"image-1025","train/healthy/healthy_train.282.jpg","","train","healthy","unreviewed","500","500","147253","750444bc13d97d496bb9bfb3bdb2331d140af13d41b02b6bd775958d743eedd7","e0f07ff7f77edcfc","120.11441497802733","541.0009815492424","",""
"image-1026","train/healthy/healthy_train.283.jpg","","train","healthy","unreviewed","500","500","145416","7f89dbbbed72f0e9662be52188f771f9939bc514fae033f5821e16afe6eff34c","13b233317d7d7d1f","92.75391198730469","768.496439649123","",""
"image-1027","train/healthy/healthy_train.284.jpg","","train","healthy","unreviewed","500","500","139940","b9255027782f4beb8b04246940d3611542a3507e09fd76c38d58db559f85bfd5","8e06274fc7cfdb9f","130.11750622558594","731.7887260973548","",""
"image-1028","train/healthy/healthy_train.285.jpg","","train","healthy","unreviewed","500","500","114993","1b115ea7f81f800afba07ce62e7460badaf7303a40c5b47f551cebac92d9745d","9e9f2f4e0d4763c7","104.24999346923828","456.4890006096974","",""
"image-1029","train/healthy/healthy_train.286.jpg","","train","healthy","unreviewed","500","500","159615","4add58577e4bbc63f9ceb2c037d624019ff6550238a66b8c74b925879b82a680","b737fe3f3e5c2d3d","99.69386950683594","1953.1147226004325","",""
"image-1030","train/healthy/healthy_train.287.jpg","","train","healthy","unreviewed","500","500","120984","88a1a996675f4aca82a3fbb88ad5b0adee4646f966c21c23b085ad46068a475a","0e06052707075f19","143.03520306396484","740.8909221883204","",""
"image-1031","train/healthy/healthy_train.288.jpg","","train","healthy","unreviewed","500","500","152676","8af846bfe4425f3cd42bbb62b56ec45397b8682b3ec144b69c6aa9a4bb52cdae","7e1f0f8f07230303","143.19219671630856","1150.781957264679","",""
"image-1032","train/healthy/healthy_train.289.jpg","","train","healthy","unreviewed","500","500","150307","206014db57b07b6d12e20b3132fbf2223740f8a50e0dd8e44d81eeb691081949","cf8e3d1d1f0f0626","98.26860491943359","910.6423453994527","",""
"image-1033","train/healthy/healthy_train.29.jpg","","train","healthy","unreviewed","500","500","161290","ece0d9cbfc8c3d32dabcb56ea052ea12b6611a5c4e14d7928dc5beca6b6af8b1","1e0e1f13c38f8f2b","133.98268054199218","1478.093804260342","",""
"image-1034","train/healthy/healthy_train.290.jpg","","train","healthy","unreviewed","500","500","157697","7909c4899e1346046783fda39e3e7ea6accc4e32373ca7d244af58ddaf8eb089","011b3b3f7f3e2e0b","142.8405426635742","1012.6846026471931","",""
"image-1035","train/healthy/healthy_train.291.jpg","","train","healthy","unreviewed","500","500","130731","fbd7efe376d4b3a030b515dae29e0936e100d5719a9ffe2ff5930ad12386e8f1","1f1e1f6d25e19139","136.8905493774414","661.6678643148457","",""
"image-1036","train/healthy/healthy_train.292.jpg","","train","healthy","unreviewed","500","500","120100","bffc4a11f82a73a228fec4630760bf31a30a1078bc561fa86e67a137005585fa","848c2e06064343c3","150.8394276123047","805.9075244175841","",""
"image-1037","train/healthy/healthy_train.293.jpg","","train","healthy","unreviewed","500","500","143857","dbf47486d172c688c04ad1ca4431ec923d2efbf33ee0700b92ca58e91ace1c35","3917a70f3e7e7d7d","119.31959143066405","792.7839233381103","",""
"image-1038","train/healthy/healthy_train.294.jpg","","train","healthy","unreviewed","500","500","166385","1d113e3b4fda24e199bb86910d07f23fde988c1c75fd851eba56f7ad0454adba","9f37333353357767","130.28322943115234","1560.7730817545855","",""
"image-1039","train/healthy/healthy_train.295.jpg","","train","healthy","unreviewed","500","500","151506","243cc80a95bc08e123b16b73b2a178d7af242436ef09dbfc7d7cdd32de78af5d","b91f070361c1c14f","128.82656768798827","673.3342905808786","",""
"image-1040","train/healthy/healthy_train.296.jpg","","train","healthy","unreviewed","500","500","156059","de0af38d1584fc87ae9424cc86192561812e88ef6a64827d535eaba953255c43","26070f7d73fbf1e9","124.39364007568358","1250.5682026269865","",""
"image-1041","train/healthy/healthy_train.297.jpg","","train","healthy","unreviewed","500","500","134512","04b7a19212a13462229994928d7c69562b7e04bdfb677d8b548ca476d2eef6df","0e0c87034307df1f","119.13716394042967","969.426367447641","",""
"image-1042","train/healthy/healthy_train.298.jpg","","train","healthy","unreviewed","500","500","162009","ae8996c008e96247e8b720c76a5f81fd991565133e08d3ed128017cc65d41b37","1f17171f19596898","123.31666394042968","945.4225190457271","",""
"image-1043","train/healthy/healthy_train.299.jpg","","train","healthy","unreviewed","500","500","145431","a171980000248687b4dc42de13eb945c5d664bbe6bbe7bdcc63f3035841930f2","4e0d0e07c707171e","117.13796594238282","883.3341244275441","",""
"image-1044","train/healthy/healthy_train.3.jpg","","train","healthy","unreviewed","500","500","141315","722ac17ef954951965c0c2758157221a598fb71c18a45c268e88c06235b9bc8e","179b9f3bb9797b74","122.30589794921875","844.4096416350939","",""
"image-1045","train/healthy/healthy_train.30.jpg","","train","healthy","unreviewed","500","500","145458","6dc4e1d950496aae9df672b6723044f1d41a133feba0dbefe83616946d41e872","773e8e07c3858f9f","115.26615734863282","606.0239361797908","",""
"image-1046","train/healthy/healthy_train.300.jpg","","train","healthy","unreviewed","500","500","138195","64fe3ae4b57fce13d25cde4e2206e87e1cf5d043c215844127f276c0f937e647","e3030f1b0b066667","93.23934552001953","690.7336392169298","",""
"image-1047","train/healthy/healthy_train.301.jpg","","train","healthy","unreviewed","500","500","149032","19390d3254d9e59b4af118f277d18b0b227bd25bf9b41ae721ea10c1e92275d2","391f2fa787478f9f","135.03548223876953","903.3712939541068","",""
"image-1048","train/healthy/healthy_train.302.jpg","","train","healthy","unreviewed","500","500","117306","2dfa6e3c36382afc37d862f21ad022b78575738ef225d7e8f01ddc723b294cb0","a267870f1f1323ab","164.99287756347655","839.4115932762492","",""
"image-1049","train/healthy/healthy_train.303.jpg","","train","healthy","unreviewed","500","500","157081","85be9a021a2522bd469220917fa515a58082d06bceaa118df0a1f920d0e2ee5d","8d8e979333931717","136.5639879760742","1438.3799921469035","",""
"image-1050","train/healthy/healthy_train.304.jpg","","train","healthy","unreviewed","500","500","157560","e071917ff1a26a746cc78a345d992a7f722e6898681c1ffe054287eb801f11cb","633e6e7878f8d518","131.44425653076172","1235.4102820009637","",""
"image-1051","train/healthy/healthy_train.305.jpg","","train","healthy","unreviewed","500","500","135357","48728a2453cb23300785772f1c24191b4494c3e5bf58a0df23f20e7d88137e50","747567478e3f716d","110.96097735595703","707.0774931405233","",""
"image-1052","train/healthy/healthy_train.306.jpg","","train","healthy","unreviewed","500","500","169349","777866427a927e4a5ccb59e65dc76867fc764e271d0a94bcd1ea711875636c15","c60713236b41291b","140.76297583007812","1105.0366293585953","",""
"image-1053","train/healthy/healthy_train.307.jpg","","train","healthy","unreviewed","500","500","134480","61b8ad89b51368b07c16d574398d2707598d9ae53e70f106f26a6ce7f8551461","8e8f0f1733190829","147.12403973388672","661.9530204837278","",""
"image-1054","train/healthy/healthy_train.308.jpg","","train","healthy","unreviewed","500","500","157264","b0f9ce50d8af016bb103153592ac05c2f24223216a53599109001947340e5cfc","9a0c352323e6e5e2","106.52350817871094","1671.7255154963912","",""
"image-1055","train/healthy/healthy_train.309.jpg","","train","healthy","unreviewed","500","500","145514","c939cddf9b9a6dacb178c2e69a431951808ce11dca084598acd7d844ec533886","cf1f17133391595b","145.2844514160156","975.0513798793394","",""
"image-1056","train/healthy/healthy_train.31.jpg","","train","healthy","unreviewed","500","500","131491","bb52112ead07c357618771eced31e75aca1e15032294793fa9a7ceb98d803447","e97b1b17170f8fcb","141.37764978027343","665.0039192783812","",""
"image-1057","train/healthy/healthy_train.310.jpg","","train","healthy","unreviewed","500","500","112216","822effc2b6eace0ce19443ea49116682e089bc9c6ad42ea591e61775e43571b1","6d5d8c8e8c072373","144.6029959716797","518.437121531294","",""
"image-1058","train/healthy/healthy_train.311.jpg","","train","healthy","unreviewed","500","500","156639","57311e2da2a8dd253e4581a990837dfe57b9076ea366804e48d2d45020995f07","a78f094b70ecfa4a","119.52121362304686","695.8276140246088","",""
"image-1059","train/healthy/healthy_train.312.jpg","","train","healthy","unreviewed","500","500","119784","737d15ec0ba299b94ea6c26e3086f6f70aa05e0f8719657fe4b81f7690f3cd9b","334f8e062663c23a","157.9986931762695","458.2773841415416","",""
"image-1060","train/healthy/healthy_train.313.jpg","","train","healthy","unreviewed","500","500","170432","04d73ddf0837d8c3b230777593c7be2a4bf88854369719a75a3a223a953a02fb","8f0f1f6bdbeb0706","130.48955596923827","764.0399895066214","",""
"image-1061","train/healthy/healthy_train.314.jpg","","train","healthy","unreviewed","500","500","156612","5ffc5b12f84d4c97835ec81e1a5d8ff3a513e2597ca51621e7ca6132ff03ba3b","e6270d1c1c0c0d29","151.30131658935545","1180.005316559642","",""
"image-1062","train/healthy/healthy_train.315.jpg","","train","healthy","unreviewed","500","500","149569","444a2953cafa765cc78a63b7b77ee00003bd6cbfa92ef549f270c7209b6341c2","0f0607073734cdce","143.16875903320312","791.409440557589","",""
"image-1063","train/healthy/healthy_train.316.jpg","","train","healthy","unreviewed","500","500","170344","ae53015f571244bbf8a40c8bc97818cf6ecfecff1aa816ce0edeceb43089ed3d","0f0f2765a5e66624","147.9856788330078","1385.983345687287","",""
"image-1064","train/healthy/healthy_train.317.jpg","","train","healthy","unreviewed","500","500","138662","4033d13f531a5362ebd61bc6e264d2a27798a5fdbadbb8e2a5df5bd740269881","9d9e538f9f7f73f3","124.2867198486328","683.1975513477769","",""
"image-1065","train/healthy/healthy_train.318.jpg","","train","healthy","unreviewed","500","500","140344","90f157c2418b0fe66fb1e7328bea6b8b0f1b1ab4b51f1abe86c1931895c1c619","dbcb0f0f276f8787","144.02533337402343","975.3087538434751","",""
"image-1066","train/healthy/healthy_train.319.jpg","","train","healthy","unreviewed","500","500","138408","e4e5f8fd540a6d2b96fba1d3d9e8978605e271fd5eba212c560f9c9b8e346fa3","1846ce8f1f346264","134.27020837402344","903.7692417984434","",""
"image-1067","train/healthy/healthy_train.32.jpg","","train","healthy","unreviewed","500","500","140310","5e15ff9fb7a74f8967cfb35d10f2614d047bc88a2cc3f979086f21dce8e71152","8b2b8f1f0647c79f","122.61624975585936","1170.7868939606738","",""
"image-1068","train/healthy/healthy_train.320.jpg","","train","healthy","unreviewed","500","500","137705","865762e1085b6854a48c7a81dccfcafd27393569778587052d27f6c2845b224c","8e8c9623030b673f","104.95087213134767","724.6430642980624","",""
"image-1069","train/healthy/healthy_train.321.jpg","","train","healthy","unreviewed","500","500","137354","caa085f7fc87fc0c0e506ae8039c33e9a5c9bbdd991f9fb1ad5741e5498f08f9","49879d181c1f2f8b","101.156708984375","2006.7080847983075","",""
"image-1070","train/healthy/healthy_train.322.jpg","","train","healthy","unreviewed","500","500","116950","4a66d8fb65d0ff9f728372da3876595f479c061eaa91623e300f639e837f4bea","3b1b2f3e7e7f3fff","113.79423522949219","272.23157655169706","",""
"image-1071","train/healthy/healthy_train.323.jpg","","train","healthy","unreviewed","500","500","129279","a9ba21a7fb8ac35bd0d1aadd15f5f3ac927f8ecc3490f309a0962b0533ffc1cf","1c78200d4f17163e","102.23327947998047","804.2264270076683","",""
"image-1072","train/healthy/healthy_train.324.jpg","","train","healthy","unreviewed","500","500","122921","81ddedc37962b9a4262c8b533ec62b372c9676728e58ff14da53a856bd8db54a","be3a0f0e0707079d","81.99991754150389","859.5541062562556","",""
"image-1073","train/healthy/healthy_train.325.jpg","","train","healthy","unreviewed","500","500","134300","63883c35fa21faae1bcb386fced3e3c72316f14f1cb49508783ce1b61eb42145","4f17333161c1383c","107.62785742187499","799.055403341443","",""
"image-1074","train/healthy/healthy_train.326.jpg","","train","healthy","unreviewed","500","500","163766","fc911c7577f5702a3b92a099db9f4944c08736d61b32623abf960f33efa0766c","0707030103511b1b","119.94676739501953","846.2552719269733","",""
"image-1075","train/healthy/healthy_train.327.jpg","","train","healthy","unreviewed","500","500","163060","1580950e8b99644aed65845be8b84bbb77ada6f72edcc413ae8bd01e508e4c7e","8e27273751f1830f","151.27603479003903","728.9293542939756","",""
"image-1076","train/healthy/healthy_train.328.jpg","","train","healthy","unreviewed","500","500","153994","4609299a843a2c4ddf91f9f10bce6fbd0602ccf3ab92bf713ff302cf4f532013","1b284667cf4747f4","140.17045483398437","1342.9610521662594","",""
"image-1077","train/healthy/healthy_train.329.jpg","","train","healthy","unreviewed","500","500","157828","ca20d4dbcb3be9a0e6930756c3226763e363cb2685d0998b7c69d2374dca7886","e3b3e34d84876752","132.99214068603516","1265.4284939095646","",""
"image-1078","train/healthy/healthy_train.33.jpg","","train","healthy","unreviewed","500","500","139019","a1579166ddaf3fc0cf5f9dc6f4b67a20a300203e6a799af2dbc4a1b65416967d","1d8f07070783a636","126.47564788818359","847.7576495534004","",""
"image-1079","train/healthy/healthy_train.330.jpg","","train","healthy","unreviewed","500","500","124709","7d26706b884a0df7b39f66ea19d6c9abbfe5c344f4e0a8c3061a4458c46b2c05","373f1f0d0f27b399","119.57508111572264","830.5763901433966","",""
"image-1080","train/healthy/healthy_train.331.jpg","","train","healthy","unreviewed","500","500","136157","e2ad68998f9be9f274df2139d063f3fc3d9fdd39f8e46122ba4124056222e01e","12968f8e07433172","138.20305810546873","751.8128896315768","",""
"image-1081","train/healthy/healthy_train.332.jpg","","train","healthy","unreviewed","500","500","169585","3204617d119d2e23092507c084ac0ceb05a2648e215e7fe3f5c38fd87f982908","cb87074f4d316124","98.78372863769532","1784.5110056020264","",""
"image-1082","train/healthy/healthy_train.333.jpg","","train","healthy","unreviewed","500","500","136369","4d08bfbdb9f43da460669fcb971b402394e97bfe022cc9e3e74ec6aed60cbe21","5f1e2f0307171d1b","109.00392431640623","743.6903883268631","",""
"image-1083","train/healthy/healthy_train.334.jpg","","train","healthy","unreviewed","500","500","162511","8d128cc2fa06f590704324e7e642fbbdb8c0b581afe95c1cb65d74bd2a9a5ce1","470e3867662f4e4f","131.61066723632814","1021.141898270797","",""
"image-1084","train/healthy/healthy_train.335.jpg","","train","healthy","unreviewed","500","500","127837","3d2daaefadd8c1febfed56c5f246cdfdfa40fca066d545c121760b33ff155dd9","8dcdcd8d9c1c041d","120.7936192626953","762.376723604067","",""
"image-1085","train/healthy/healthy_train.336.jpg","","train","healthy","unreviewed","500","500","157687","086c8d3e0a52bb6ebc6d277c3c44b182b0ef57453ca0f6b628bae2a747a5f7f6","070707339b991111","130.2744090576172","1263.6654199404295","",""
"image-1086","train/healthy/healthy_train.337.jpg","","train","healthy","unreviewed","500","500","139998","83bd97a458f97791e9422524be196c5fd1c238aed356dedebfcbc3bfe04a7a8d","0327670385818165","134.58069750976563","578.426035563328","",""
"image-1087","train/healthy/healthy_train.338.jpg","","train","healthy","unreviewed","500","500","148225","f11583e64bb806643c636ba46ed3c91c68dc4bc25d0a76d7ba289227d7420d1d","962f2f270f0d2f6f","117.78286376953125","759.1147391568287","",""
"image-1088","train/healthy/healthy_train.339.jpg","","train","healthy","unreviewed","500","500","137898","8e81982b9ad673837df16ae25e79b953a3ae199b78e644c9a02b720457ab61bc","b839071e5d5950e8","134.09040393066405","816.1804534240339","",""
"image-1089","train/healthy/healthy_train.34.jpg","","train","healthy","unreviewed","500","500","132748","b914c16201333cebc1727bce0d666ebb989f524e7a44c194a0ec774ad17c8f2b","179f9f1f170f9f1e","138.96605035400393","777.6709137182088","",""
"image-1090","train/healthy/healthy_train.340.jpg","","train","healthy","unreviewed","500","500","173692","a2d176e414bfa76c1bd8683be8d3770de7b706a7eea644ee16c9f6e1c2a379ec","0686130350583819","129.3143539428711","1824.438954539199","",""
"image-1091","train/healthy/healthy_train.341.jpg","","train","healthy","unreviewed","500","500","155811","53342c198b46b97b8902045d63c94f29ebae6d3b637987ae583aea68438fb0d4","091d1636171fcded","157.23402099609373","1297.8270902938293","",""
"image-1092","train/healthy/healthy_train.35.jpg","","train","healthy","unreviewed","500","500","158304","43b9b2ae0bb4b666a6be3a4aa2e57f69182b52fced97242ab8c10561484e8311","1f1d3c742c277767","146.5137685546875","1346.7748156380444","",""
"image-1093","train/healthy/healthy_train.36.jpg","","train","healthy","unreviewed","500","500","149667","1904952489e6b74ee4d34aa1cfcd66e28e923bd68521c39eec81baa41529fc5e","db9e9e8b8e2f2b95","113.75469567871093","1458.0018690340503","",""
"image-1094","train/healthy/healthy_train.37.jpg","","train","healthy","unreviewed","500","500","154083","aeab957df3930acb6ccc0afe0e691fdacddc3d1aa43de9b15225cb847b33b025","1d6f4f3f7f73ebe5","152.59642858886718","1066.7622543985888","",""
"image-1095","train/healthy/healthy_train.38.jpg","","train","healthy","unreviewed","500","500","142363","9b40a4c3e78d1468a35f38f380c7b40eb20c302da37c44327a77b4fbcb33d04f","2d0f1f1f1b33d8c9","159.10971563720702","1091.0431347776055","",""
"image-1096","train/healthy/healthy_train.39.jpg","","train","healthy","unreviewed","500","500","163671","35c23eb5e8b69f0e048e04a969156cb7c95713824343341a90858711e7937282","3e264d4d1f1cb821","129.6653439941406","1176.3941195929976","",""
"image-1097","train/healthy/healthy_train.4.jpg","","train","healthy","unreviewed","500","500","119318","23c49fb4a05f233f4f9c1b1386642620d3dca56e178477134641ead9d26d60c8","3b9ade9f1fb72b3b","92.37665753173827","575.361786161185","",""
"image-1098","train/healthy/healthy_train.40.jpg","","train","healthy","unreviewed","500","500","181708","10cde99750207003bc171f910fd828e5590cd230423b30cf41d54fcfc3a6eb51","e9edebcf0f273318","137.83776525878903","2572.697266442234","",""
"image-1099","train/healthy/healthy_train.41.jpg","","train","healthy","unreviewed","500","500","149485","bcd3dccc6627614e299bb79455cf81bd525aaab5bbaa5f93b7385c01c07a898d","070636175733939f","105.67064794921875","925.9520030506819","",""
"image-1100","train/healthy/healthy_train.42.jpg","","train","healthy","unreviewed","500","500","149122","af386944765db7bba3590c0ab44d88eb2c8738d21e6ada44d747df970fb7cfad","43575b5f7f4f3f7e","107.98595001220703","1855.19983906051","",""
"image-1101","train/healthy/healthy_train.43.jpg","","train","healthy","unreviewed","500","500","154458","45fab0d9d14d500190ecb54b6a3a49992854d7febf1ffe8c738006f5065a2784","e3c70d1959511024","113.57521618652343","1371.9494848607462","",""
"image-1102","train/healthy/healthy_train.44.jpg","","train","healthy","unreviewed","500","500","123806","945d1e7c9b6f0784e4b089aa5d164fb01b5cf779f1390583585cf28ea9c2af40","be733270f0f0e0c8","144.4219614868164","515.5331293861643","",""
"image-1103","train/healthy/healthy_train.45.jpg","","train","healthy","unreviewed","500","500","158985","a345a35346467311fcdadb39b348d54b0fe16384924a1ad7bf1fcd9d7e994a77","37b3199d8c869616","114.19047497558594","1579.9536422655667","",""
"image-1104","train/healthy/healthy_train.46.jpg","","train","healthy","unreviewed","500","500","152202","8b82a759ce3210dc77f123a582292bb29ce249e45e44a6a183168700118c3116","65871b1931184c69","146.02428796386718","820.1001273258096","",""
"image-1105","train/healthy/healthy_train.47.jpg","","train","healthy","unreviewed","500","500","142308","1fd38dfec762603bb82ee971739282b70bb46879b02cfd503b39d465608d6e79","df9dd58d9787c9c9","132.94304064941406","1697.942325962338","",""
"image-1106","train/healthy/healthy_train.48.jpg","","train","healthy","unreviewed","500","500","163419","f07dcf18485bc7b3911cc07cacf11607a95fc9445e4c00df407db6b499350e1a","27c68f1b092b0940","157.36754077148436","1519.3094568513989","",""
"image-1107","train/healthy/healthy_train.49.jpg","","train","healthy","unreviewed","500","500","136133","a1236c32d794b349085908d4e303546e52c7ca5f5d19eebddb5a7ec9152d9592","880f07273313cf8d","113.14408142089843","677.3366920802674","",""
"image-1108","train/healthy/healthy_train.5.jpg","","train","healthy","unreviewed","500","500","164592","0cff78c1b9797f7c44a14fb45e5e0e76d593685a82ca030d5932b7b8bdf6299c","1b373f6c4f1f6404","140.34560729980467","1509.3373206490228","",""
"image-1109","train/healthy/healthy_train.50.jpg","","train","healthy","unreviewed","500","500","142327","a5244fffc4b5e7fbcfd9709a06b1321090151a4fa4c4980fd7bed8b409b692a7","6c01438f7926341f","150.45208514404294","1043.767434457284","",""
"image-1110","train/healthy/healthy_train.51.jpg","","train","healthy","unreviewed","500","500","143132","822016a826142d3a19798c616db8fe79727621fc7187cfc1d0ee77977459a4c4","391c0e0f0f070f0f","129.02416674804687","1407.5969830814902","",""
"image-1111","train/healthy/healthy_train.52.jpg","","train","healthy","unreviewed","500","500","115166","b1af087707feea4d7bb1d77a255ff0ba5b90740bcc7fdfb79feb220363d2ddc0","22271f0e0e143723","100.13009771728514","598.5930533148992","",""
"image-1112","train/healthy/healthy_train.53.jpg","","train","healthy","unreviewed","500","500","150008","067ae90e952026bda3a309d49c61a2106ecd93fc60f0608eb52f45e1aafb34f1","0e8e8e27231f4fcf","131.53777441406248","901.8799926801544","",""
"image-1113","train/healthy/healthy_train.54.jpg","","train","healthy","unreviewed","500","500","150227","9f6c3a249b7829601af5e8cda7b090a5560ffdc0909a781ca3ec2c2630ae0b31","b31b0f3f5c5f75cd","125.33439520263671","1141.240261760937","",""
"image-1114","train/healthy/healthy_train.55.jpg","","train","healthy","unreviewed","500","500","133921","b3b0aacd58effbce0324879844a48ee55637273972884966d363ecb6d92ef3b2","5b67073e3f3979cd","123.04747607421874","748.2200976694282","",""
"image-1115","train/healthy/healthy_train.56.jpg","","train","healthy","unreviewed","500","500","109845","70f871f8ba72917832c4a79d9925a643a679b9373491af7401eba2f08bf1ba6c","600f0727776624a5","98.27058312988281","459.90695597797884","",""
"image-1116","train/healthy/healthy_train.57.jpg","","train","healthy","unreviewed","500","500","126810","77d37e4c384a0bc1bcee29177987f549b334fc3b65c4e1ae08c56b26d21cc14f","763e250f1f1f2620","139.3571492919922","988.6286190756406","",""
"image-1117","train/healthy/healthy_train.58.jpg","","train","healthy","unreviewed","500","500","132101","bf71059bc94c3dcf935ca44547ffba7c35887b62d87fc45f1f6fd2472ba77103","c9cbeb8b0f060602","142.1052619628906","913.93692137663","",""
"image-1118","train/healthy/healthy_train.59.jpg","","train","healthy","unreviewed","500","500","163722","18d1f52a8d169929b81288f473b20279fdb23daac03a0b9aa1adcf13deca964b","47cf8f1713958953","127.32095819091796","2283.75971735314","",""
"image-1119","train/healthy/healthy_train.6.jpg","","train","healthy","unreviewed","500","500","135260","cfeab85ee3c3b8e2074de051b83a0254fe55fe1b505225564120040df4df4a82","0c0717131131cf1f","129.25952392578122","633.2514910408453","",""
"image-1120","train/healthy/healthy_train.60.jpg","","train","healthy","unreviewed","500","500","141585","c360a6d69190a1399a0dfd852391a165e752f94e07b80e5cb7a0529cdb878d3a","f7373515052b0ed9","97.08891973876953","1308.5032239848529","",""
"image-1121","train/healthy/healthy_train.61.jpg","","train","healthy","unreviewed","500","500","178318","3be42b52c1b3f5e8acc5adaf27793669417899c9bb5206577ed25e40ad38b352","1b197878b99bdb6c","176.2851455078125","1762.778918375388","",""
"image-1122","train/healthy/healthy_train.62.jpg","","train","healthy","unreviewed","500","500","136456","ef9e88e3d15d4cc34c9c6aacefec2d65cf86ef128f585c34c7a8172a193e64d6","8c9b060e18581070","147.55134460449216","631.3286498607453","",""
"image-1123","train/healthy/healthy_train.63.jpg","","train","healthy","unreviewed","500","500","133110","3657134a26bf82559d635c3c7da1065f2079d08ddcbb96c52d1d3fa58808a317","33620b0f0f133179","111.85993377685546","897.5926130053658","",""
"image-1124","train/healthy/healthy_train.64.jpg","","train","healthy","unreviewed","500","500","144398","07581073dc774d1c6f2e1f7eb44eea9c3b9323855b8f8a2b2c8f6c5444b54227","0f8f272f67a7c69c","137.31626837158205","962.4498578205003","",""
"image-1125","train/healthy/healthy_train.65.jpg","","train","healthy","unreviewed","500","500","142647","d101fded518d8486f719549dec4899f23693cedfc0f5738b3644014e33558fb0","4747361e0f0fa7ad","130.15906036376953","1457.262116617154","",""
"image-1126","train/healthy/healthy_train.66.jpg","","train","healthy","unreviewed","500","500","117383","97baa2ed0366caaaf199469995a7586e5eec4f250410c1f5070482f5fe587b98","484cce0f07470713","100.80696264648438","358.72393763011206","",""
"image-1127","train/healthy/healthy_train.67.jpg","","train","healthy","unreviewed","500","500","177019","cdff93588bdbd5cde0efbfa4ede1d5f0aced3c7fba47886aeb9a8e2762504d01","8f1b32337255736c","144.87162200927736","1571.148951039958","",""
"image-1128","train/healthy/healthy_train.68.jpg","","train","healthy","unreviewed","500","500","153799","19e6bbcd3d9d0f8e9eff683770027c8577f31f8b7e93470b3b6ed5bb09232c68","c5cf1e3343c35f9b","118.90304016113281","1649.2560320506884","",""
"image-1129","train/healthy/healthy_train.69.jpg","","train","healthy","unreviewed","500","500","201548","0dcb4d18428f1f77e2067bcbe23b9a740418d7a6a43bae9b0ba2951efcbc90a8","391b1f1f1f0f2721","144.88176580810546","2635.9680852674983","",""
"image-1130","train/healthy/healthy_train.7.jpg","","train","healthy","unreviewed","500","500","130605","4c7adf556cd81b42057d391a98b36de746ab48a16a7e8a4b02d6b704a849d2f4","9c9ace8f8727a707","104.31683587646484","653.3033513098941","",""
"image-1131","train/healthy/healthy_train.70.jpg","","train","healthy","unreviewed","500","500","144055","d3368e2a5b4e0b59d44ab6a97ad412ce5ad137cfcd2851465179a3b411ab66d7","0f8c8e0e4e068764","97.49260803222657","800.2458294376295","",""
"image-1132","train/healthy/healthy_train.71.jpg","","train","healthy","unreviewed","500","500","161025","ad01d81bb626837aa33e10f5154ea6d93a5dd454704621659bcd8e8696d5751b","cb8d1637311080e0","126.65757214355469","1232.2801198676025","",""
"image-1133","train/healthy/healthy_train.72.jpg","","train","healthy","unreviewed","500","500","145181","5250cce42785ea8601750aaba0eeb05e154f6f677b7248a0a7bff8de38ad3413","670f0f1353c38b3b","113.84139892578125","881.1512615828617","",""
"image-1134","train/healthy/healthy_train.73.jpg","","train","healthy","unreviewed","500","500","156658","404d08b332b77322010a3587be62393cc320367f6967e9f194a36d0ef3bf4375","341e9f1d3f7b79d9","142.18028704833984","994.687459379551","",""
"image-1135","train/healthy/healthy_train.74.jpg","","train","healthy","unreviewed","500","500","172595","91ec00c7a78b6b723526194b6d8bd2c469ad13c4e4695bc098e9a0fd45ba8698","0d0d0535185f4f68","110.20785211181641","2039.7868316190197","",""
"image-1136","train/healthy/healthy_train.75.jpg","","train","healthy","unreviewed","500","500","150491","7e18236c4f5d81f67290c84f10e8060834f341902736a56490a35d808bb748ee","334726300e234350","125.58545098876952","1386.8467650935943","",""
"image-1137","train/healthy/healthy_train.76.jpg","","train","healthy","unreviewed","500","500","161286","9adc10bcc983f6013127383ad50243cda04967c7c789c728a6faf9a3fa39bad9","690f1f3f0d8ccccc","99.55793090820312","1239.376125216966","",""
"image-1138","train/healthy/healthy_train.77.jpg","","train","healthy","unreviewed","500","500","158722","5d28ff266e738cb5cc0679097b92269fd1294ab4ea7f1d02c594097c68ab1dd9","1f3e7b7979793d39","161.3408605957031","1497.4747060254242","",""
"image-1139","train/healthy/healthy_train.78.jpg","","train","healthy","unreviewed","500","500","139247","e927d451c50102d0faab26336a4b169148bbb6e54df80069f66c66a2f0cfa181","47071347471f1f97","110.31253259277344","709.9941671259238","",""
"image-1140","train/healthy/healthy_train.79.jpg","","train","healthy","unreviewed","500","500","137423","d04635ada60180d14a4f525799e15ca7387acba73b04a9db411586e0e274f3c5","070b3f19373efc36","137.96386389160156","660.9005542679117","",""
"image-1141","train/healthy/healthy_train.8.jpg","","train","healthy","unreviewed","500","500","157850","59e752dbfd89f5320e20cb1f21ddd200f6f93efe663cf624488047879e0ea814","274f8b1333376767","146.86924902343748","828.2162357088173","",""
"image-1142","train/healthy/healthy_train.80.jpg","","train","healthy","unreviewed","500","500","127721","8df556ae63acd730ce68b424ebc64431ede7b6feafeeaec9f7da1e9688a61dd2","471e1e1b0b074bbb","159.53793518066405","469.105861344533","",""
"image-1143","train/healthy/healthy_train.81.jpg","","train","healthy","unreviewed","500","500","136234","b058251c0ee5e3c4bfd68a44623bfe4301f1da82a64e38adaac043e9abbb27be","216267070b8b8bc7","127.78631927490235","917.165511811151","",""
"image-1144","train/healthy/healthy_train.82.jpg","","train","healthy","unreviewed","500","500","141144","227526201652d7393050e53caa176c4d99e575e8468e57987fb95a5583c34cb3","e32a190c0f1b6ded","140.64677716064452","1197.58835375679","",""
"image-1145","train/healthy/healthy_train.83.jpg","","train","healthy","unreviewed","500","500","165700","19384eb681ad5e71b8b7f654c2fa25f150fc48fa425534c47e13967702bcd10d","1b930733529389cd","131.83769818115235","1855.7069939366727","",""
"image-1146","train/healthy/healthy_train.84.jpg","","train","healthy","unreviewed","500","500","132393","47706cca4f2f9aac3a95275abc36249bc6ce7289e8eb6370d42d5d92dda89fe7","9c9a0c0e07273736","118.25618878173827","826.5125323672303","",""
"image-1147","train/healthy/healthy_train.85.jpg","","train","healthy","unreviewed","500","500","136858","d952979b515a31a0299ce188d364a88e7eff42f37e124bf5001ce9f73c6e0f46","5393935735797078","152.47607061767576","912.9679349395615","",""
"image-1148","train/healthy/healthy_train.86.jpg","","train","healthy","unreviewed","500","500","139601","7070666b7007f319ebf08675dd8c8d92e49ddf4f90b289309c2a4d849ec09e93","1b074357471b4ac9","147.08219781494142","1762.8422598905006","",""
"image-1149","train/healthy/healthy_train.87.jpg","","train","healthy","unreviewed","500","500","152469","cb6e78412fb62f9d2bd6ae3a8598c36d83b9a1d1b6895260c6c427f16ed9fbed","ce092767b7dd36ce","147.38208807373047","1250.208687782725","",""
"image-1150","train/healthy/healthy_train.88.jpg","","train","healthy","unreviewed","500","500","135762","3a328bec104f0a30c3d7eb21a533d336b3296bf3c0547cd6ba4fa3bf61e5b02d","0b0e07070f4f9f9f","110.77810852050781","612.2911961731999","",""
"image-1151","train/healthy/healthy_train.89.jpg","","train","healthy","unreviewed","500","500","115524","3d653abd18303684d1901e864c8f23be30c89329f75c46ec627eda9bc55d203e","1753c735373f2b37","145.39409899902347","735.5890268176327","",""
"image-1152","train/healthy/healthy_train.9.jpg","","train","healthy","unreviewed","500","500","119463","7ba5e05831f0c4f33d393dfa44a0ecdc85975c8914ddc2c7585ebb2331abd200","386b2f0e0e072b01","159.81337750244137","529.7806225226374","",""
"image-1153","train/healthy/healthy_train.90.jpg","","train","healthy","unreviewed","500","500","151617","11f6435de949053b4955ff7409fe10ca62ca8b08f69e71b71b1a74f55c8be2f8","13333112b7b396ec","152.57576135253905","707.888619876163","",""
"image-1154","train/healthy/healthy_train.91.jpg","","train","healthy","unreviewed","500","500","142322","b8744045a7210632f1b63d1e06e5f60c11362a9115749fa6d16f6ff44536b9eb","673652c72f1ecb9d","136.24009924316408","1797.5133457810225","",""
"image-1155","train/healthy/healthy_train.92.jpg","","train","healthy","unreviewed","500","500","114090","81ca4aad4a98666df718b654f07c37958cb610c0a4a612cf79b176fd3022e70d","e848cdcf8b992d8f","112.76423266601562","360.1380392992847","",""
"image-1156","train/healthy/healthy_train.93.jpg","","train","healthy","unreviewed","500","500","115944","4011fd97fc75f7b71533ddc41a77801325d45fbe09822e8f843d086f6b2c9df8","0e0f0d0f1737f735","113.14742803955076","534.2950806124093","",""
"image-1157","train/healthy/healthy_train.94.jpg","","train","healthy","unreviewed","500","500","117483","2413584c3bb3a80fac3242bad68fd4a2017839987d27565846b193404f4ebe12","1e1c0e07072f3f9e","93.62271130371093","378.74086722558775","",""
"image-1158","train/healthy/healthy_train.95.jpg","","train","healthy","unreviewed","500","500","155562","2c53901d7afba20e5251071fb6896757f047c143228dbd3b5f5333bbcec9a072","8e0f0f0d4545d3db","144.08876959228516","1504.397087362733","",""
"image-1159","train/healthy/healthy_train.96.jpg","","train","healthy","unreviewed","500","500","128404","da77ba48b6e0685bbe5734fef88a9d63fcda91bf00beb2cb77a8c5d3864fe1ee","fb09cb8b0e1f3d39","147.4954880981445","1030.6306741930225","",""
"image-1160","train/healthy/healthy_train.97.jpg","","train","healthy","unreviewed","500","500","146660","39e7331f09185485fc022c8994a6c4bcd59444f9fed6fceb9dd4ba76dbdedec1","1d2e276333270b94","119.31515313720702","1709.0662310510406","",""
"image-1161","train/healthy/healthy_train.98.jpg","","train","healthy","unreviewed","500","500","149861","82e47e071faad885c5f40e278e9f04fdbc19729d3c8f50851ef5397e690dba8f","0e0616131359375b","112.81935162353514","670.6498300659124","",""
"image-1162","train/healthy/healthy_train.99.jpg","","train","healthy","unreviewed","500","500","129198","8ea59dd56063a3bc2066d778a39f05fd907d8b0fcdda723236e82e4f39a2eb33","0f878f0707068387","140.97334649658202","641.0712109056576","",""
"image-1163","validation/angular_leaf_spot/angular_leaf_spot_val.0.jpg","","validation","angular_leaf_spot","unreviewed","500","500","154989","0ed3b17803cc701f1504952556064cc73436216ba10cbb691f850faec056cdf2","75470793d172e4c8","129.65872027587892","1326.9654987349431","",""
"image-1164","validation/angular_leaf_spot/angular_leaf_spot_val.1.jpg","","validation","angular_leaf_spot","unreviewed","500","500","128762","288db8fc386074f4d3cddf9b852d480ee351752b8002d2e8705be570e031aebf","b3878d1e0606879b","153.38615960693357","578.7514561581057","",""
"image-1165","validation/angular_leaf_spot/angular_leaf_spot_val.10.jpg","","validation","angular_leaf_spot","unreviewed","500","500","180514","8df4001ed90747023641649e213f35beff60f5628a0d49d922bddbb663666d68","f2cf97bb190d0e2c","91.19409735107422","2459.9590875748345","",""
"image-1166","validation/angular_leaf_spot/angular_leaf_spot_val.11.jpg","","validation","angular_leaf_spot","unreviewed","500","500","172044","68a9cc5b7c7c0047942bb383186a94e2d93a7f5aae58b4de1e651486ec4928c9","9787a327070f0f1f","140.19101281738278","1835.6073648101308","",""
"image-1167","validation/angular_leaf_spot/angular_leaf_spot_val.12.jpg","","validation","angular_leaf_spot","unreviewed","500","500","125879","0e4bf121885bb58290da3ad2fa33c3ab6c71a0d9e0cb62b8d00db058315e5e51","628303038a0e3838","125.17894927978514","410.25638484180456","",""
"image-1168","validation/angular_leaf_spot/angular_leaf_spot_val.13.jpg","","validation","angular_leaf_spot","unreviewed","500","500","125411","7bdffd32bf8b87f9f85e7fb55b643f8405a3336701b237dbce297695316b446c","450918192b46068c","116.51272595214843","359.95186501986393","",""
"image-1169","validation/angular_leaf_spot/angular_leaf_spot_val.14.jpg","","validation","angular_leaf_spot","unreviewed","500","500","139864","26317e0b848d50e30f3639b7c7462064434d4486f919ec7d419ff35435e418d7","4f0e038361712101","143.22796783447262","756.914920129258","",""
"image-1170","validation/angular_leaf_spot/angular_leaf_spot_val.15.jpg","","validation","angular_leaf_spot","unreviewed","500","500","122481","7c2c8d585160b0779747a05c57fd3d32df5de7f40fbfc3f7d3080e947a2fbeb7","87cf0f0f061626c6","124.35243231201173","657.7474975449144","",""
"image-1171","validation/angular_leaf_spot/angular_leaf_spot_val.16.jpg","","validation","angular_leaf_spot","unreviewed","500","500","161703","aa480442da4b40f1099cbb9934bd74f4c4341303ba6ebb1bfbf5ff00b62fcbb5","0e0e2d290b930327","132.69600915527343","1427.399378900148","",""
"image-1172","validation/angular_leaf_spot/angular_leaf_spot_val.17.jpg","","validation","angular_leaf_spot","unreviewed","500","500","159594","d7d96431bc8fd7784de0f43a87c18a6b3db082ea70e665e926dfca94cf2d50b3","bc75fcfd8834f6e6","147.22870086669923","677.9531301558578","",""
"image-1173","validation/angular_leaf_spot/angular_leaf_spot_val.18.jpg","","validation","angular_leaf_spot","unreviewed","500","500","210272","f1f056cc6e4b9077f04f9c481a7c9c07294ebe9af1245c9039c9ad3d268cbf53","29397163310a0e0b","119.82363513183594","3032.655025481362","",""
"image-1174","validation/angular_leaf_spot/angular_leaf_spot_val.19.jpg","","validation","angular_leaf_spot","unreviewed","500","500","118400","7d89a0523703bd8f4de88d0c98f78df128f7de583b6c9a6f0928f97eb68376e3","8f0c0f0707279f99","106.55370367431641","421.99139846617703","",""
"image-1175","validation/angular_leaf_spot/angular_leaf_spot_val.2.jpg","","validation","angular_leaf_spot","unreviewed","500","500","126898","6a4490154d1a2dde4c0e87e1a1433134f0db8c770e0f6d27b3823fe0d33e0ad3","9d070f1f1f1e1c1c","147.4846658325195","753.1501319774844","",""
"image-1176","validation/angular_leaf_spot/angular_leaf_spot_val.20.jpg","","validation","angular_leaf_spot","unreviewed","500","500","150769","3de24f520da83b96e9dc77084079428cb13e1ea490db275c04e7df52c3602578","19590b528f7979bd","91.85906512451172","1591.7959128421724","",""
"image-1177","validation/angular_leaf_spot/angular_leaf_spot_val.21.jpg","","validation","angular_leaf_spot","unreviewed","500","500","132546","5e06600e388db549f7d60e24938dc12c73ea4130c762af438f6a7181d8d441c2","fc3f9f9f9f9737b7","91.74322827148437","1104.9563822025068","",""
"image-1178","validation/angular_leaf_spot/angular_leaf_spot_val.22.jpg","","validation","angular_leaf_spot","unreviewed","500","500","126434","5779b6f07581136369f8dce4c88c8b02e8818de2bf97e712a44b80efd502c119","0f8f4f171383cfcc","87.45551666259766","619.5411059735833","",""
"image-1179","validation/angular_leaf_spot/angular_leaf_spot_val.23.jpg","","validation","angular_leaf_spot","unreviewed","500","500","146225","abba8b31c3f3b078db6bfb9fbc1f0fda965d93fee518b6b88fabc1bbdccc6b33","371787ce8e8c9cd0","129.83298858642578","749.583451524114","",""
"image-1180","validation/angular_leaf_spot/angular_leaf_spot_val.24.jpg","","validation","angular_leaf_spot","unreviewed","500","500","197814","d57f96cc826fa627f917b356ec1fb2e97202fc977a5b0d34818977d25a048c6a","534b23180c0e1e5c","146.28125616455077","1752.5475241561044","",""
"image-1181","validation/angular_leaf_spot/angular_leaf_spot_val.25.jpg","","validation","angular_leaf_spot","unreviewed","500","500","133350","28d84f97f98cc1ce63d226c8918074662e2e1aab311a327e40783ddd0174a31c","060f0f0f07052529","159.92365142822263","781.8854712442039","",""
"image-1182","validation/angular_leaf_spot/angular_leaf_spot_val.26.jpg","","validation","angular_leaf_spot","unreviewed","500","500","140492","77ddabdd9b0ffb1450c48dbc96305d56a2c9886d50a0d719c17122bc09a94b18","8f0f0d0f3f7f7b1d","135.3845934448242","668.8762653794424","",""
"image-1183","validation/angular_leaf_spot/angular_leaf_spot_val.27.jpg","","validation","angular_leaf_spot","unreviewed","500","500","124452","f513ed25ce958d29d2db9c2a4a95b63380e62d533b75eda077afaea09739a799","e8ed6767cbc9d872","94.59922155761718","1093.254717501134","",""
"image-1184","validation/angular_leaf_spot/angular_leaf_spot_val.28.jpg","","validation","angular_leaf_spot","unreviewed","500","500","122734","d037391beac67c133fef66898ad4e227591184064cbf7f127b9feb973a86f5ab","06070f02079db102","79.53033837890625","955.8481726525504","",""
"image-1185","validation/angular_leaf_spot/angular_leaf_spot_val.29.jpg","","validation","angular_leaf_spot","unreviewed","500","500","145297","c8587144f8278354147c354ffeeb4b7082c025d7f5dc50d16427db3c3708e4ef","6850888c4e071431","130.90016857910155","833.9754884101798","",""
"image-1186","validation/angular_leaf_spot/angular_leaf_spot_val.3.jpg","","validation","angular_leaf_spot","unreviewed","500","500","129361","974299506da000d37e9ecc429ac2d93e3315455a65c9cc5d17252d465f1a5847","660f0f0e1e0f0e0e","139.0466411743164","897.4366916904429","",""
"image-1187","validation/angular_leaf_spot/angular_leaf_spot_val.30.jpg","","validation","angular_leaf_spot","unreviewed","500","500","167185","567eed0dbf7ad8670c1fd26722179cd0213726f78ee0e01fd61517c3bf180c39","873f0f0f07b7e7a7","72.59746130371094","598.6739307210048","",""
"image-1188","validation/angular_leaf_spot/angular_leaf_spot_val.31.jpg","","validation","angular_leaf_spot","unreviewed","500","500","141544","43a8cf5f96522713e4862661b11b6a02eb38c2b88f364125fcfc99810661b6c5","e8262603f1715367","116.4704649658203","504.8431237463803","",""
"image-1189","validation/angular_leaf_spot/angular_leaf_spot_val.32.jpg","","validation","angular_leaf_spot","unreviewed","500","500","129164","501512654d17721123835cb74798e79351265690f04d1606e161a868c8e517f8","4a1e1c0c171a8fcf","124.42533679199218","951.6934542394383","",""
"image-1190","validation/angular_leaf_spot/angular_leaf_spot_val.33.jpg","","validation","angular_leaf_spot","unreviewed","500","500","129347","3c7980c5e0c7b764f1be4d95aae174b61b4e69d800c1864210bf2db5532a28b9","9f5d1f9f9f1f4fcf","84.70427380371093","833.9438774508639","",""
"image-1191","validation/angular_leaf_spot/angular_leaf_spot_val.34.jpg","","validation","angular_leaf_spot","unreviewed","500","500","132205","391089a6edce7269be73af8aa2f692eba1648f73d5ca98983a0a019eb3670087","ff363f1707060e24","117.79099298095704","688.6525958385286","",""
"image-1192","validation/angular_leaf_spot/angular_leaf_spot_val.35.jpg","","validation","angular_leaf_spot","unreviewed","500","500","129615","ded90b269b10cb4a0faa3083c67bdce244f01bcc18913eaba8db069286e2fc98","5b7bfcfdfcfde9e0","127.42235137939451","765.9647048851111","",""
"image-1193","validation/angular_leaf_spot/angular_leaf_spot_val.36.jpg","","validation","angular_leaf_spot","unreviewed","500","500","119309","a2cda3e42b1cb5ccca6f20fcdd3a8f161ffbd5d29471b176cc17b5f2d241d492","5507878f1f1347c7","90.68022662353515","628.4116172210822","",""
"image-1194","validation/angular_leaf_spot/angular_leaf_spot_val.37.jpg","","validation","angular_leaf_spot","unreviewed","500","500","120100","af0e4d244a3c54edba47b10043070cce91c7b24fa1b7bf1bdcf03e7661b147c0","0512662313070180","129.80741510009764","585.78223516597","",""
"image-1195","validation/angular_leaf_spot/angular_leaf_spot_val.38.jpg","","validation","angular_leaf_spot","unreviewed","500","500","112651","7d79874264805d5c8d01a02fa3971fc0caee0087805dc349f83b446c84e9dc57","3773674f3f3f1f1f","152.25479125976562","431.0004762545675","",""
"image-1196","validation/angular_leaf_spot/angular_leaf_spot_val.39.jpg","","validation","angular_leaf_spot","unreviewed","500","500","130512","91e92beb10eb51261a734786d64d8e54bd8662f80efb6304090538bac42d6ea1","021203078d10876f","147.0862319946289","340.6850046990209","",""
"image-1197","validation/angular_leaf_spot/angular_leaf_spot_val.4.jpg","","validation","angular_leaf_spot","unreviewed","500","500","126440","9ec1301d92f38082a506ac9a362efd871194a0bd32a914a3a19e9ccc08cf8c9b","1f3e1f0f1f9fc7c7","137.90157415771483","793.0089233780758","",""
"image-1198","validation/angular_leaf_spot/angular_leaf_spot_val.40.jpg","","validation","angular_leaf_spot","unreviewed","500","500","125713","cd71cab1d32929a0b6e8251d93574a017932d30791e0fbc44ec7046634f66b7a","480d0d870705c383","104.58177209472656","552.8465192073517","",""
"image-1199","validation/angular_leaf_spot/angular_leaf_spot_val.41.jpg","","validation","angular_leaf_spot","unreviewed","500","500","126466","684612848bdf95d89d719a42536a628b649a382ad6d03b1af66b5e74f8471e51","02020107072626e6","120.74531079101561","1027.82723494529","",""
"image-1200","validation/angular_leaf_spot/angular_leaf_spot_val.42.jpg","","validation","angular_leaf_spot","unreviewed","500","500","141567","94ea8eff178dbfa5e395e051b6cb259e520ca215f9a66f62f350fa3d51c88ee2","393c1e1617071f3e","118.64976446533203","1132.3068184469896","",""
"image-1201","validation/angular_leaf_spot/angular_leaf_spot_val.43.jpg","","validation","angular_leaf_spot","unreviewed","500","500","148409","8722534b5cad7dbc427b8ee7fefce770d9112de32116f1db718c24ad3eb0541c","068c4cede7767313","112.77822381591795","1788.9522331345274","",""
"image-1202","validation/angular_leaf_spot/angular_leaf_spot_val.5.jpg","","validation","angular_leaf_spot","unreviewed","500","500","121961","52f151ca1a1ecbd5aea34c76704e791464d98fd02c63ec4a405659c9a6fc44e5","db5e7773e3868080","149.6115108642578","272.14744585393265","",""
"image-1203","validation/angular_leaf_spot/angular_leaf_spot_val.6.jpg","","validation","angular_leaf_spot","unreviewed","500","500","130990","0548394392a0e7b404c42c17059591481f348847ca6454d618dd3f8e5578d150","0b1f9367875bdec7","134.39215856933592","784.545358660341","",""
"image-1204","validation/angular_leaf_spot/angular_leaf_spot_val.7.jpg","","validation","angular_leaf_spot","unreviewed","500","500","131538","40593c5064f970bdb40c929f9156ea9a976add99ac698813c4888c05cfa847da","1e26040c2e9ac3c9","106.20601068115235","691.6487261948828","",""
"image-1205","validation/angular_leaf_spot/angular_leaf_spot_val.8.jpg","","validation","angular_leaf_spot","unreviewed","500","500","140182","b789da0fc0e93b0d36991f154afba14568703964c92962bcad874a8ee1b76e84","3438393911111311","123.16877014160157","1934.4381443682116","",""
"image-1206","validation/angular_leaf_spot/angular_leaf_spot_val.9.jpg","","validation","angular_leaf_spot","unreviewed","500","500","147239","936f00a45e0f758fb552ba0ded624384ef33a33c7b8c33cc6cdb27abb12a599b","3c0c0e1c84c6870f","136.96461108398438","1371.1611443684153","",""
"image-1207","validation/bean_rust/bean_rust_val.0.jpg","","validation","bean_rust","unreviewed","500","500","123942","76e4dcf4fe49a9c0957bfc86e97ce4c1755113fa7a2d16e40acb8dbe2b900c46","3323591de1bcbce6","133.39475189208983","1494.2399879484417","",""
"image-1208","validation/bean_rust/bean_rust_val.1.jpg","","validation","bean_rust","unreviewed","500","500","114625","88e48fe71c68e18b5c07402aa91898636db77945d18e30232c4e05267c1c8fbb","6c2c0c1f3f1d1b0b","81.6290532836914","460.85745031858687","",""
"image-1209","validation/bean_rust/bean_rust_val.10.jpg","","validation","bean_rust","unreviewed","500","500","125317","4a1276a774d907e41518ce5712f772a980b644450cee8fc0a147d5ce8a2761ae","d2861f5f77774f87","125.15335046386718","661.7221653792487","",""
"image-1210","validation/bean_rust/bean_rust_val.11.jpg","","validation","bean_rust","unreviewed","500","500","132144","e1b2be8cb55305350076adc0f1af8662a344a39169df60d405b27e02fed1b073","979f970fcb8d2d7d","91.60542578125","843.1418783739455","",""
"image-1211","validation/bean_rust/bean_rust_val.12.jpg","","validation","bean_rust","unreviewed","500","500","128613","e992c8a054e7b3ead441cc4c4359333ddb0e1fbf58a8747fa2a7f9a2f2447347","67660e6561b383e1","85.19417950439453","1221.5888401516443","",""
"image-1212","validation/bean_rust/bean_rust_val.13.jpg","","validation","bean_rust","unreviewed","500","500","184429","b9f3ac8154750e2801fda3c1b9daa8925cf4e9f00665385034a684c71b43eb7c","233b4f47c6c6c539","129.34947723388672","2903.25837551376","",""
"image-1213","validation/bean_rust/bean_rust_val.14.jpg","","validation","bean_rust","unreviewed","500","500","119264","c5a4b6ff0d6d15783609f1d107f7556eebce257a569f82a9e566c053406c29f7","07060e0e0eaf6161","119.25743261718749","890.2031324770193","",""
"image-1214","validation/bean_rust/bean_rust_val.15.jpg","","validation","bean_rust","unreviewed","500","500","119398","f2662a1e59acde71ebc476fa1ea2d35bab06d73ca75a77cfea23dd0be2ecc460","868e060787c3e375","88.8750986328125","415.74885010941125","",""
"image-1215","validation/bean_rust/bean_rust_val.16.jpg","","validation","bean_rust","unreviewed","500","500","138859","7d87cc324d31bb0dd5f40258dfbefe4735f0b693eb58e553e1e61f80b359e385","11250b0f267b3f3d","98.46909069824218","1661.4483236632698","",""
"image-1216","validation/bean_rust/bean_rust_val.17.jpg","","validation","bean_rust","unreviewed","500","500","172627","10d28308dcd4a345d7667560500cc1476a814d667af83ab780542bd85007c678","1b0b1e1717371910","142.89822985839842","1426.6242399655773","",""
"image-1217","validation/bean_rust/bean_rust_val.18.jpg","","validation","bean_rust","unreviewed","500","500","177942","d8ad7270df691c3bb06a22eccd2a58c50cbc3c49f4517cfe10f1d457581be57b","6767d3a70f4f1624","123.90679632568359","2319.900980312477","",""
"image-1218","validation/bean_rust/bean_rust_val.19.jpg","","validation","bean_rust","unreviewed","500","500","148382","a8146cf18cccfd07b81cc43f1f9f0a0dcb7d336835025b166a2b3ebc14b1c092","0114381c1e1e1793","73.11725549316407","925.0668726169753","",""
"image-1219","validation/bean_rust/bean_rust_val.2.jpg","","validation","bean_rust","unreviewed","500","500","125733","3ade2772d6a7757ac2669d486538dda6e98f0d8a3a013677f39dac8222be08fd","6d2faf0607070e0e","136.1206376953125","971.0166424610769","",""
"image-1220","validation/bean_rust/bean_rust_val.20.jpg","","validation","bean_rust","unreviewed","500","500","129177","d8112b06636a5972314e55eac66bbd01b565ad29759457f3a42dba7a5f8227ac","cf9e1819898cd367","135.27185736083982","1702.1138840291028","",""
"image-1221","validation/bean_rust/bean_rust_val.21.jpg","","validation","bean_rust","unreviewed","500","500","191059","b130c35b2ebfec1a7d261b70a86f026064488a2a2f71eda7f896f820e7e0e57f","93c767e526864f4e","134.48265026855466","2761.1497680488874","",""
"image-1222","validation/bean_rust/bean_rust_val.22.jpg","","validation","bean_rust","unreviewed","500","500","129462","f8a529c7f479f47c6eda9c17e7824be5e4fd0d697c9c75fab40bd47473ff974f","eeed9483090f0767","113.12805450439453","1468.504886106642","",""
"image-1223","validation/bean_rust/bean_rust_val.23.jpg","","validation","bean_rust","unreviewed","500","500","126074","167a48db5b15bad88dd733984b2bd61488ea09a86c152d9042727abb8a7689e6","14150b634e8fb091","100.80613537597657","510.8978379765729","",""
"image-1224","validation/bean_rust/bean_rust_val.24.jpg","","validation","bean_rust","unreviewed","500","500","118420","f14e897ba17c0b70dfd8cdb19501a0f7626450849aaeb5a6d996b12fc6dc3213","270613d3b3bd394d","126.36868658447266","785.9653985365161","",""
"image-1225","validation/bean_rust/bean_rust_val.25.jpg","","validation","bean_rust","unreviewed","500","500","115077","7106d3ebd9c54bde617e77c6714fbc515aa1859d1fb2775b1098d8a32632a905","8b83830218bc3c32","115.67816705322265","715.3274967286311","",""
"image-1226","validation/bean_rust/bean_rust_val.26.jpg","","validation","bean_rust","unreviewed","500","500","166572","42c6b0a3db2bd5d7fe5642a22f6513bb4aac0d32076f742e424ae59c85ee60ec","3e3fd3334d7171f1","133.14522802734376","1713.913757742212","",""
"image-1227","validation/bean_rust/bean_rust_val.27.jpg","","validation","bean_rust","unreviewed","500","500","132585","f8173ef4c3dd1d78578fd0bc345bd821645408fb459e12c72be32e39a92868c5","a93c1c1c2e1e9686","116.18542419433592","1843.6251463738113","",""
"image-1228","validation/bean_rust/bean_rust_val.28.jpg","","validation","bean_rust","unreviewed","500","500","138666","0db6252a6141168f35bdc92561d4cccb8cc658abdf526f413ea63ec324def837","e67f1b0f1f078726","117.86665692138672","947.6970490092317","",""
"image-1229","validation/bean_rust/bean_rust_val.29.jpg","","validation","bean_rust","unreviewed","500","500","147071","8a8f8ce769dea4f7886953e4daf3bd24da65f34dea9e7d65850c9b7c4e50b028","9d0f0f8b0b873b9a","159.2211654663086","1693.3713669338101","",""
"image-1230","validation/bean_rust/bean_rust_val.3.jpg","","validation","bean_rust","unreviewed","500","500","116853","14459daf3e7a79ee88dd1e5bd9c3a6ca9ba524d9e2e324f58ee5d29a1b1bc58b","8981860e1a73c7b1","126.21853802490233","454.90998936627335","",""
"image-1231","validation/bean_rust/bean_rust_val.30.jpg","","validation","bean_rust","unreviewed","500","500","113644","7ed3c62871d4a8db177ec7f4f08cb5aedcc02a0248296eaafff42dadf53cf88f","0f1f1350f01028c8","131.5479451904297","575.7737468220744","",""
"image-1232","validation/bean_rust/bean_rust_val.31.jpg","","validation","bean_rust","unreviewed","500","500","138406","b9ca244a6401fba3fe1a04cd2866deff2a063236a63b792d0610d9b39827a58b","2c3838357575329e","116.68011016845702","2076.619925826273","",""
"image-1233","validation/bean_rust/bean_rust_val.32.jpg","","validation","bean_rust","unreviewed","500","500","120145","6423ec337ddcf4371785dc5dfa566495c320ac30b3d3f30d1cbde3dd702e13b6","8b991a83a3a33327","125.88996319580076","602.0839486668339","",""
"image-1234","validation/bean_rust/bean_rust_val.33.jpg","","validation","bean_rust","unreviewed","500","500","124425","bc55c03f45ed317aec24b1192de04c623b201689e48bad84a69efce5921d3f65","078f9197a36246fe","115.0817325439453","986.6669631903831","",""
"image-1235","validation/bean_rust/bean_rust_val.34.jpg","","validation","bean_rust","unreviewed","500","500","139095","6b1a81ab1a65206bda7f0e1f314c816e61249b900cd56e83238cdfdb3cffdb2a","3e3f1f1e1f1f3602","122.34797839355468","1533.2732225815435","",""
"image-1236","validation/bean_rust/bean_rust_val.35.jpg","","validation","bean_rust","unreviewed","500","500","130862","bd7806c3b308b3dd9bdc79fb545df459fe732419f28cc602963c498bca55561a","67632727270763f3","85.19522778320311","827.9778043157005","",""
"image-1237","validation/bean_rust/bean_rust_val.36.jpg","","validation","bean_rust","unreviewed","500","500","129434","529cce10a909c79d1e8225829ebe89bd0113fa3ac8298e84ac161da7ab6d91fb","95a84c4f3f1c2024","112.83730139160156","825.8338754617147","",""
"image-1238","validation/bean_rust/bean_rust_val.37.jpg","","validation","bean_rust","unreviewed","500","500","108992","25540a04e6c7092597ccdd28714cef85266e685d1e5d0d2cd901c9cf54ceba05","4e06138189e5c787","124.79588720703124","573.0998344618947","",""
"image-1239","validation/bean_rust/bean_rust_val.38.jpg","","validation","bean_rust","unreviewed","500","500","143140","5c0cd5c30aed7d01a2116ab6c22526261b82172f3d80648cb5b14dd9ff3b5eba","1b3d7a78fbe12347","100.33147863769531","735.1709024798721","",""
"image-1240","validation/bean_rust/bean_rust_val.39.jpg","","validation","bean_rust","unreviewed","500","500","118068","c23cb6719e3144e055998424ce748437d76822f3fb6c3aaf6831b0d2df11af65","0c8646131b58d58f","125.61226000976563","699.0814193464532","",""
"image-1241","validation/bean_rust/bean_rust_val.4.jpg","","validation","bean_rust","unreviewed","500","500","144056","6739d9447ef2d23c7a1b3c77ac57d69c4c25b6497d2adcceee9568bd30839cbd","3f2b873b1b0747c7","135.55128210449217","1307.926908419294","",""
"image-1242","validation/bean_rust/bean_rust_val.40.jpg","","validation","bean_rust","unreviewed","500","500","114241","a62359bd07c77c95afad0cb90f7bcc048ee6fe05993222b7e16f54628b8b7cf6","06070e47068ee6e6","119.77169287109373","839.1918889248449","",""
"image-1243","validation/bean_rust/bean_rust_val.41.jpg","","validation","bean_rust","unreviewed","500","500","140013","7488103bd68494d5ffc882747c8b5ce0889934bcd2f3b06d8fb055540ff8005a","0eae8f2f2e2ff765","93.94413409423828","1442.9893513877244","",""
"image-1244","validation/bean_rust/bean_rust_val.42.jpg","","validation","bean_rust","unreviewed","500","500","119592","256cfaec91dafe6f43aad9942537c71a93d487e75bd6e93abc0e135259c90ace","eee7870717070ece","126.18508239746093","939.2379638748682","",""
"image-1245","validation/bean_rust/bean_rust_val.43.jpg","","validation","bean_rust","unreviewed","500","500","148096","34238a0ebff6733476f401a0853fbdf1cbd322b818bf46c5e3b6058b5d6aa33d","7e9e1f0f0f6e5d06","139.10154766845702","1809.7472739377772","",""
"image-1246","validation/bean_rust/bean_rust_val.44.jpg","","validation","bean_rust","unreviewed","500","500","114397","bcf000ecbe14187ab41820a9f6426d0ee58523bbaa7f7faf3cd26a18f8be08e8","5e7e2e0c0db9e9e9","92.1728685913086","431.91364545645683","",""
"image-1247","validation/bean_rust/bean_rust_val.5.jpg","","validation","bean_rust","unreviewed","500","500","187216","4d5acfff5936ce254bb4d195f443b666b376c14f854e89322f3976fc42865a53","83047c19198c6662","141.46049432373047","2656.7752513958476","",""
"image-1248","validation/bean_rust/bean_rust_val.6.jpg","","validation","bean_rust","unreviewed","500","500","113448","2f1d9e7c26d0e7fa816ad7ca31e65a5cb748af444dbfc2055bf2cee7f5491762","278fdf93c399114b","127.20909838867188","571.5923421217502","",""
"image-1249","validation/bean_rust/bean_rust_val.7.jpg","","validation","bean_rust","unreviewed","500","500","131137","c5251e2e844c793b2e5e9a013fa09b21fc0b57141e519b580c02c240e28f9089","674698180e0f0f8f","119.43589721679687","1225.0909472990675","",""
"image-1250","validation/bean_rust/bean_rust_val.8.jpg","","validation","bean_rust","unreviewed","500","500","108109","71eb6387e21374a9c8295fe9dce1d9dd5f785543fa8ffd2724f65a9c8434d655","4151222c27b3f1e3","133.89980957031247","586.2712967667144","",""
"image-1251","validation/bean_rust/bean_rust_val.9.jpg","","validation","bean_rust","unreviewed","500","500","148194","44301dc5c152dc298501830455482527ad9a516abb9a818a0c1993581a2ca553","5b17070f1f1f9dd3","140.88267205810547","729.6848608774546","",""
"image-1252","validation/healthy/healthy_val.0.jpg","","validation","healthy","unreviewed","500","500","167703","dfd5a598b509ca4de6244fde7757aaabb6065c4511f7bf62ecf0eec0f3de4550","8eb0b899c9161616","89.13456188964844","2197.652428141247","",""
"image-1253","validation/healthy/healthy_val.1.jpg","","validation","healthy","unreviewed","500","500","109726","aef220a6b3d1b560c701cfd8e46ad0e1ae89dce1e63501070b8f20688f83a2d7","10383c9c9e171303","97.20343511962889","543.0463864496195","",""
"image-1254","validation/healthy/healthy_val.10.jpg","","validation","healthy","unreviewed","500","500","155739","6a423ee493d762cdaa2580689abe773c1726a67e129fe1e94ca49780044acc79","a78517131b1f1e48","133.7213270263672","1511.5597177361549","",""
"image-1255","validation/healthy/healthy_val.11.jpg","","validation","healthy","unreviewed","500","500","160384","546708fceffcf9ccbb060ee8e1e3b0ff3986a47e14a14855bdd9ff7eb4d13be0","3b1f07071301c79f","124.40798815917967","952.3467987470715","",""
"image-1256","validation/healthy/healthy_val.12.jpg","","validation","healthy","unreviewed","500","500","132393","4087f270bb34da7aaee9477d7992c1d6b4d0eee1683c166da203df08cc8ec689","0c091b1b13175717","152.86977252197266","618.22852675342","",""
"image-1257","validation/healthy/healthy_val.13.jpg","","validation","healthy","unreviewed","500","500","158073","a9b3e05e1c1c3be509e8e939d1d059c5535e309f4dd64f5f339c38780df1c601","8e96b7355be6676a","149.23464849853514","724.5844686762892","",""
"image-1258","validation/healthy/healthy_val.14.jpg","","validation","healthy","unreviewed","500","500","144163","1e79ae529f6b50e5ccd087d09cfce9044297dd24c58f0923e97f8c26c8f2cd14","8686869383834766","98.16723321533203","920.7873536334201","",""
"image-1259","validation/healthy/healthy_val.15.jpg","","validation","healthy","unreviewed","500","500","142002","6dee3604c4ef3686a34f1373d210591b289a550a74d9ccb569cb2a0362d49bf9","34b89b9b8f26713c","138.07903521728517","893.842169011187","",""
"image-1260","validation/healthy/healthy_val.16.jpg","","validation","healthy","unreviewed","500","500","151585","15aabb5b260dfc5dbfec879ca27132a0bdde2d980212c48904389715aa1d2d03","371f23634389878f","112.7147868041992","830.8889749374343","",""
"image-1261","validation/healthy/healthy_val.17.jpg","","validation","healthy","unreviewed","500","500","165928","798f47f5676d91658e16b080c306f4a943d909cc0f53ca9c337683e88f0b73fb","0e0666713103e1cf","146.42612683105466","1618.6204108297998","",""
"image-1262","validation/healthy/healthy_val.18.jpg","","validation","healthy","unreviewed","500","500","127307","b62c204e078ec5dd9a9da640653714bfcfbe9035139a722aefd023d6c888d4f3","91353f0703173b79","121.07278161621093","1139.1135317181759","",""
"image-1263","validation/healthy/healthy_val.19.jpg","","validation","healthy","unreviewed","500","500","124460","09ccc03800e6fc301b0023d541a8845820ca61f342ead3ab00c79b7fc94559c4","e3e3e3e1c0c03839","146.9820228881836","555.3958588209425","",""
"image-1264","validation/healthy/healthy_val.2.jpg","","validation","healthy","unreviewed","500","500","133243","876ee8f13edfd3b01073a3fc90641d8c435273befd8c5f0f138053cba15def27","060607030301c1c9","121.35297247314452","504.23977736020385","",""
"image-1265","validation/healthy/healthy_val.20.jpg","","validation","healthy","unreviewed","500","500","144685","51282ff8958b6e5e86bb10738a6d43466755fd1e30511f30d25a6088a36bd06d","9f0b090999cb87c6","127.79993847656249","1002.5894234073861","",""
"image-1266","validation/healthy/healthy_val.21.jpg","","validation","healthy","unreviewed","500","500","142215","38180d8f7315f6fa23588cbeb325dd7e3370500a6384748691753caa6e544241","382f23333515f39e","143.59595428466795","993.9405169360695","",""
"image-1267","validation/healthy/healthy_val.22.jpg","","validation","healthy","unreviewed","500","500","129698","065033d169b41f97dae5b548a38dd1f0ee7dd2d38f69f8ba5b68bdd71a3221f4","030f070703031f1c","121.74637145996093","476.2550860414842","",""
"image-1268","validation/healthy/healthy_val.23.jpg","","validation","healthy","unreviewed","500","500","182067","0d3cf9e0ca2ddf1d21527dd8281ab3b796b1c9183174b07b0215a16d15e5ef2e","8486f76fef8e9607","90.46785314941405","2296.462400650791","",""
"image-1269","validation/healthy/healthy_val.24.jpg","","validation","healthy","unreviewed","500","500","138896","e39fef9ee4365c49e06ce48c8dc508613bb96d81aeb18dddc199cab491085ed7","0f1f1b99190d291d","113.87688842773437","559.0648682637267","",""
"image-1270","validation/healthy/healthy_val.25.jpg","","validation","healthy","unreviewed","500","500","141937","4a2d9257867757aac58c9035d24ac0a24a27b606a618d86fd398e81c562822fa","8e9e3f3f7f7eeeed","149.4012448120117","405.3090372598804","",""
"image-1271","validation/healthy/healthy_val.26.jpg","","validation","healthy","unreviewed","500","500","150498","533b1e6e78c6c1e1cd77aedff1a21688a8341016dbd19bcc305b0099d9bcea28","b8f37824c50c1c14","106.4311802368164","1991.1224992596792","",""
"image-1272","validation/healthy/healthy_val.27.jpg","","validation","healthy","unreviewed","500","500","141856","076f1eee93a54cf5bc4ee00ece9b368c3778d37723c44a6ad6404075a8aadee6","391c2f07870fdd3d","113.33860607910157","628.3137799121055","",""
"image-1273","validation/healthy/healthy_val.28.jpg","","validation","healthy","unreviewed","500","500","128480","08c0944998d57de0417c46608dfb5b71df16e053a1eb16959f07fbace4e7badb","090b2b0d8c1e3733","136.35588018798828","951.4494938119982","",""
"image-1274","validation/healthy/healthy_val.29.jpg","","validation","healthy","unreviewed","500","500","151981","0414074c3c40847c92ac9c8f031c67f565384a989e61d5b420f6f7182ccc5e53","35633ba7cf17372f","119.075849609375","2610.60462005024","",""
"image-1275","validation/healthy/healthy_val.3.jpg","","validation","healthy","unreviewed","500","500","138851","1a07a84fe13589dca98af9f0baaa87afb911f4dc72422b30e486dd6180c22ab5","1b0f2727272ece88","139.0099874267578","740.8026811569034","",""
"image-1276","validation/healthy/healthy_val.30.jpg","","validation","healthy","unreviewed","500","500","112809","0a095d3c07eb4909a508b35c1919f7fe8c416ce5a3c6f06dce161da40e9e30b9","ff3e2c0d1e035323","157.0391340332031","343.7533317355478","",""
"image-1277","validation/healthy/healthy_val.31.jpg","","validation","healthy","unreviewed","500","500","163634","abdc53279aeb3bfa8072088da4207a7d4108e2f8d2c80cae72e6d1f25a514963","8f1b3b19b99bda72","162.36081286621095","2374.310746208223","",""
"image-1278","validation/healthy/healthy_val.32.jpg","","validation","healthy","unreviewed","500","500","133000","50623065ec631f3de521ec002b794ae6dfae59613377ad8f7a521aa44f60f7be","4c0e860703236ecd","114.44505676269532","442.3014509249188","",""
"image-1279","validation/healthy/healthy_val.33.jpg","","validation","healthy","unreviewed","500","500","158888","e15a41ba8d2f0ea092391f2b99b73ad1161599bf582fc31f9aa331f746493934","4f0e97170170612b","165.48469403076172","838.6175929674815","",""
"image-1280","validation/healthy/healthy_val.34.jpg","","validation","healthy","unreviewed","500","500","149059","7386d49ff7938281747084351b62ee6b14203105d90373c737b868e41ef190a6","260f1f1f3c1e3c3c","172.19398278808595","571.0659797539779","",""
"image-1281","validation/healthy/healthy_val.35.jpg","","validation","healthy","unreviewed","500","500","128026","7e6b032e34970c1ef0b066c4af0fced23a2368ef174109881ea17c4b6f4b6084","3914060203163066","117.81260430908202","412.6404297745691","",""
"image-1282","validation/healthy/healthy_val.36.jpg","","validation","healthy","unreviewed","500","500","155393","7db6bb130ab461cab99ed1c50403d09ff1c3a9bfc7a27e78b00a0e8e041724ef","0f276764f1c99d32","141.2115380859375","1426.2367707866636","",""
"image-1283","validation/healthy/healthy_val.37.jpg","","validation","healthy","unreviewed","500","500","137094","7b1a85d9493c0ea4ea0f45462a0d31ad75fbe8d80310af1b86e577842e02a39b","199b191517139353","126.88584692382811","559.7373386386545","",""
"image-1284","validation/healthy/healthy_val.38.jpg","","validation","healthy","unreviewed","500","500","130404","871b97a4ada030f7198138662a097ead40ac18f5bcd2471bae6ceaa66a0db9ab","0b1b333331352b07","142.0379022216797","590.9052240090591","",""
"image-1285","validation/healthy/healthy_val.39.jpg","","validation","healthy","unreviewed","500","500","158602","041265a271457db586d6a7a6c55ea20b27f3b8250b0577216f5e0be3e33caa62","810c185bd7158d0d","123.52806176757812","1170.2594940947986","",""
"image-1286","validation/healthy/healthy_val.4.jpg","","validation","healthy","unreviewed","500","500","139053","b1d9801d4b9d79e382456953d7c0b23695f03b76700216c0c151fdbf80bcca1b","090f0f1b342b1c9c","114.26066198730467","737.7289291063189","",""
"image-1287","validation/healthy/healthy_val.40.jpg","","validation","healthy","unreviewed","500","500","133232","82dadd398d996b05513fec326aa782679300fd8b6f0c0dab3916275151253a44","470d16250b36d898","141.86915991210935","809.2982949022705","",""
"image-1288","validation/healthy/healthy_val.41.jpg","","validation","healthy","unreviewed","500","500","148944","99f151c489a6a78cb3efbfc25374e1d308eac60f0fa66960893a4df9abe4a3b1","321d0f0637757d79","139.20240692138668","947.3697212155113","",""
"image-1289","validation/healthy/healthy_val.42.jpg","","validation","healthy","unreviewed","500","500","153878","8117530ed2c2e388c387b0d5b0696f1750b7bd27cc8e5322a0fc61239fb61fd4","c3430343e3f0acbe","143.4533565673828","738.3312316103153","",""
"image-1290","validation/healthy/healthy_val.43.jpg","","validation","healthy","unreviewed","500","500","139717","39d30d2aec2a65a90b010542bc7b80bd588ddb3ba47176563997d1d2d90614ff","9ada925b1f9c8c96","100.65227020263671","806.333807966838","",""
"image-1291","validation/healthy/healthy_val.5.jpg","","validation","healthy","unreviewed","500","500","130390","230c5ea9fe86d2b66dd1649394e37cf9a6acb04f9624140533bca30a2128b7b6","1707263e9bc9173f","104.73979766845702","868.3685801862723","",""
"image-1292","validation/healthy/healthy_val.6.jpg","","validation","healthy","unreviewed","500","500","136265","c6a9052d33328d5794520a8191e9e59e4787c5982b56bd5ee1545f47f22b863a","41870f1f1b0f674f","99.08141229248046","710.277950895582","",""
"image-1293","validation/healthy/healthy_val.7.jpg","","validation","healthy","unreviewed","500","500","143906","90ec60053a8db4984291bfd3281f92eebfa4e13d1d4b1efca96b193a82cf032e","2b4d1d3f3f2eaf4f","147.44683654785158","750.4729615777644","",""
"image-1294","validation/healthy/healthy_val.8.jpg","","validation","healthy","unreviewed","500","500","120083","2836dc5b13e1e6794266b1c905a589810f8a8ec5b8311fe83847140dd009ffdb","9b5fcf8e1e3bbb1b","102.35142639160156","475.47218275930345","",""
"image-1295","validation/healthy/healthy_val.9.jpg","","validation","healthy","unreviewed","500","500","169003","336f802d1ce9458f62b8ce040414f91a6b8e02ed7eb22b45806ad135f3ea6aec","8f0b03451e05e574","131.16992999267578","758.8517412104982","",""
